Station,Aadorf / Tänikon,Adelboden,Aigle,Altdorf,Altenrhein,Andeer,Andermatt,Basel / Binningen,Bern / Zollikofen,Beznau,Biasca,Bischofszell / Sitterdorf,Bière,Boltigen,Bouveret,Brienz,Buchs / Aarau,Buffalora,Cevio,Chasseral,Chaumont,Cimetta,Col du Grand St-Bernard,Crap Masegn,Cressier,Davos,Egolzwil,Einsiedeln,Engelberg,Evolène / Villa,Fahy,Fribourg / Grangeneuve,Genève / Cointrin,Gersau,Glarus,Grenchen,Grono,Grächen,Gösgen,"Gütsch, Andermatt",Güttingen,Interlaken,La Brévine,La Dôle,Langnau i.E.,Les Attelas,Les Charbonnières,Les Diablerets,Lugano,Luzern,Magadino / Cadenazzo,Matro,Mottec,Möhlin,Neuchâtel,Nyon / Changins,Passo del Bernina,Payerne,"Pfäffikon, ZH",Piz Corvatsch,Pully,S. Bernardino,Samedan,"Sattel, SZ",Schüpfheim,Scuol,Simplon-Dorf,Sion,St. Gallen,Stabio,Steckborn,Thun,Ulrichen,Vaduz,Vicosoprano,Wynau,Wädenswil,Zermatt,Zürich / Affoltern,Acquarossa / Comprovasco,Arosa,"Blatten, Lötschental",Bullet / La Frétaz,Cham,Chur,Delémont,Elm,Evionnaz,Giswil,Gornergrat,Göschenen,Ilanz,Jungfraujoch,Koppigen,Meiringen,"Montagnier, Bagnes",Montana,Robièi,Salen-Reutenen,Schmerikon,Segl-Maria,Weissfluhjoch,Würenlingen / PSI,Bad Ragaz,Château-d'Oex,Disentis,Ebnat-Kappel,Eggishorn,Grimsel Hospiz,Hallau,Hörnli,La Chaux-de-Fonds,Le Moléson,Leibstadt,Locarno / Monti,Lägern,Mathod,Monte Generoso,Mosen,Mühleberg,Naluns / Schlivera,Napf,Oberriet / Kriessern,Oron,Pilatus,Piotta,Piz Martegnas,Plaffeien,Poschiavo / Robbia,Quinten,Rünenberg,Schaffhausen,"Sta. Maria, Val Müstair",Säntis,Titlis,Valbella,Visp
2024-06-27 16:50,1014.3,1019.1,1014.0,1013.9,1013.7,1016.9,1019.7,1012.7,1014.2,1013.0,1011.4,1014.0,1016.1,1016.0,1014.3,1014.3,1013.6,1022.8,1012.5,1020.6,1018.0,1020.3,1026.4,1025.3,1013.5,1020.7,1014.1,1016.9,1017.8,1022.2,1014.6,1015.2,1014.5,1014.5,1015.3,1013.4,1011.9,1019.6,1013.5,1024.3,1013.7,1014.4,1018.1,1022.2,1015.5,1027.9,1018.4,1028.9,1012.0,1014.1,1010.8,1023.6,1020.7,1013.2,1014.0,1014.7,1024.7,1014.2,1014.5,1029.3,1014.7,1020.5,1021.0,1016.1,1015.8,1019.2,1018.8,1013.1,1015.7,1012.2,1013.4,1014.3,1018.2,1015.1,1017.1,1013.6,1014.4,1019.8,1014.0,,,,,,,,,,,,,,,,,,,,,,,,,,,,,,,,,,,,,,,,,,,,,,,,,,,,,,,,,,
2024-06-27 17:00,,1019.1,1014.0,1013.9,1013.6,1016.6,1019.9,1012.7,,1013.1,,,1016.1,1016.0,1014.3,1014.3,,1022.6,1012.5,,1018.0,1020.3,,1025.1,,,1014.1,,,1022.4,1014.7,1015.3,1014.5,1014.4,1015.2,1013.5,1011.9,1019.8,1013.5,,,1014.4,1018.2,,1015.5,1028.0,,1028.9,1012.0,1014.1,,,,1013.2,,1014.7,1024.4,,,1029.5,,1020.6,,1016.1,,,,,,1012.2,,,,1014.9,,1013.6,1014.4,1019.9,1014.0,1013.6,1021.8,1020.3,1019.5,1014.1,1014.8,1013.4,1017.5,1014.4,1014.3,1029.7,1016.9,1015.6,1031.2,1013.9,1014.4,1016.0,1019.6,1021.8,1015.3,1014.1,1021.6,1026.3,1013.1,,,,,,,,,,,,,,,,,,,,,,,,,,,,,,,,,,
2024-06-27 17:20,1014.1,1019.3,1013.8,1013.7,1013.4,1016.6,1019.6,1012.8,1014.4,1012.9,1011.4,1014.0,1015.8,1016.3,1014.1,1014.3,1013.4,1022.6,1012.5,1020.9,1018.2,1020.3,1026.6,1025.1,1013.8,1020.6,1014.2,1016.8,1017.7,1022.5,1014.8,1015.4,1014.4,1014.4,1015.1,1013.6,1011.9,1019.9,1013.3,1024.5,1013.5,1014.4,1018.1,1022.1,1015.7,1028.2,1018.1,1029.1,1011.9,1014.1,1010.9,1023.6,1020.9,1013.2,1014.1,1014.5,1024.4,1014.3,1014.3,1029.5,1014.5,1020.6,1020.9,1016.1,1016.0,1018.7,1019.1,1013.2,1015.7,1012.3,1013.2,1014.4,1018.2,1015.0,1016.8,1013.7,1014.3,1020.0,1013.8,1013.6,1021.7,1020.4,1019.2,1014.0,1014.7,1013.5,1017.4,1014.4,1014.3,1029.8,1017.0,1015.6,1031.4,1014.0,1014.5,1016.1,1019.9,1021.9,1015.1,1013.8,1021.5,1026.3,1012.8,1015.2,1018.1,1018.5,1015.0,1027.9,1023.2,1013.5,1017.8,1017.7,1023.8,1013.0,1012.2,1015.9,1013.9,1020.3,1014.0,1014.0,1024.5,1019.8,1014.3,1016.9,1023.6,1015.5,1026.1,1017.9,1017.0,1014.6,1014.9,1013.5,1019.3,1024.2,1028.6,1020.8,1013.3
2024-06-27 18:20,1014.2,1019.3,1013.9,1013.7,1013.5,1016.7,1019.7,1012.8,1014.3,1012.8,1011.3,1014.0,1015.7,1016.2,1014.0,1014.3,1013.1,1022.4,1012.6,1020.9,1018.0,1020.6,1026.7,1025.0,1013.5,1020.5,1014.0,1016.7,1017.7,1022.5,1014.7,1015.2,1014.5,1014.4,1014.8,1013.4,1012.0,1020.0,1013.1,1024.6,1013.6,1014.3,1018.1,1021.6,1015.7,1028.0,1017.9,1028.9,1012.0,1014.0,1010.9,1023.6,1021.1,1013.1,1013.9,1014.4,1024.3,1014.1,1014.2,1029.6,1014.4,1020.5,1020.7,1016.0,1015.9,1018.5,1019.0,1013.2,1015.9,1012.3,1013.3,1014.4,1018.4,1014.7,1016.9,1013.4,1014.1,1020.2,1013.5,1013.5,1021.6,1020.5,1019.2,1013.9,1014.6,1013.5,1017.0,1014.3,1014.2,1030.0,1016.8,1015.6,1031.4,1013.9,1014.3,1016.5,1019.9,1022.0,1015.2,1013.7,1021.4,1026.3,1012.8,1014.8,1018.1,1018.4,1015.1,1027.8,1023.4,1013.4,1017.9,1017.6,1023.6,1012.8,1012.2,1015.8,1013.7,1020.4,1013.8,1013.8,1024.5,1019.6,1014.2,1016.8,1023.6,1015.6,1026.2,1017.8,1016.9,1014.2,1014.7,1013.5,1018.8,1024.6,1028.9,1020.7,1013.4
2024-06-27 19:20,1014.1,1019.4,1013.8,1014.0,1013.5,1017.1,1019.9,1012.7,1014.3,1012.7,1011.6,1013.9,1015.8,1016.2,1013.9,1014.4,1013.2,1022.4,1013.1,1020.9,1018.0,1020.7,1026.7,1025.4,1013.4,1020.7,1014.1,1016.8,1017.9,1022.6,1014.7,1015.2,1014.1,1014.5,1014.9,1013.5,1012.2,1020.2,1013.1,1024.7,1013.5,1014.5,1018.0,1021.9,1015.8,1028.0,1018.2,1028.9,1012.2,1014.1,1011.2,1023.9,1021.2,1013.0,1013.8,1014.5,1024.4,1014.1,1014.2,1029.6,1014.5,1020.8,1020.8,1016.1,1016.1,1018.7,1019.6,1013.6,1015.8,1012.6,1013.1,1014.6,1018.7,1014.7,1017.1,1013.5,1014.1,1020.3,1013.5,1013.7,1022.0,1020.9,1019.2,1013.9,1014.8,1013.5,1017.2,1014.4,1014.4,1030.1,1017.0,1015.9,1031.5,1013.9,1014.5,1016.8,1020.1,1022.2,1015.1,1013.7,1021.5,1026.5,1012.7,1014.8,1018.1,1018.6,1015.1,1028.3,1023.6,1013.1,1018.0,1017.5,1023.4,1012.8,1012.4,1015.8,1013.8,1020.4,1013.8,1013.8,1024.7,1019.9,1014.1,1016.8,1023.8,1016.1,1026.4,1017.8,1017.2,1014.2,1014.7,1013.3,1019.0,1024.8,1029.0,1021.1,1013.9
2024-06-27 20:20,1014.5,1019.8,1014.1,1014.3,1013.7,1017.4,1020.3,1013.2,1014.7,1013.2,1012.2,1014.2,1015.9,1016.7,1014.3,1014.8,1013.6,1023.0,1013.5,1021.0,1018.4,1020.8,1026.8,1025.8,1014.0,1021.0,1014.4,1017.2,1018.1,1022.7,1014.9,1015.5,1014.4,1014.7,1015.3,1014.0,1012.9,1020.2,1013.6,1024.8,1013.8,1014.9,1018.3,1021.9,1016.1,1028.0,1018.3,1028.9,1012.4,1014.3,1011.4,1024.0,1021.4,1013.5,1014.2,1014.8,1024.9,1014.5,1014.7,1030.2,1014.7,1021.4,1021.3,1016.3,1016.4,1019.3,1019.8,1013.8,1016.1,1012.8,1013.5,1014.8,,1014.9,1017.9,1013.8,1014.5,1020.5,1014.1,1014.3,1022.2,1021.0,1019.3,1014.3,1015.1,1014.1,1017.8,1014.4,1014.7,1030.0,1017.4,1016.2,1031.5,1014.2,1014.9,1016.7,1020.2,1022.5,1015.4,1013.9,1022.0,1026.7,1013.3,1015.2,1018.2,1019.2,1015.4,1028.1,1023.9,1013.6,1018.2,1018.0,1023.6,1013.3,1012.6,1016.4,1014.2,1020.4,1014.3,1014.3,1025.2,1020.1,1014.5,1017.1,1024.1,1016.6,1026.7,1018.0,1017.8,1014.5,1015.1,1013.9,1019.5,1025.1,1029.2,1021.1,1014.2
2024-06-28 08:20,1018.4,1022.8,1018.2,1018.5,1018.2,1022.2,1023.9,1017.2,1018.8,1018.0,1017.3,1018.4,1019.3,1020.6,1018.3,1019.3,1018.1,1026.6,1018.0,1023.7,,1023.9,1029.4,1028.5,1018.2,1024.6,1018.7,1020.5,1021.4,1025.8,1018.3,1019.2,1018.3,1018.8,1019.6,1018.4,1017.7,1024.4,1018.1,1027.7,1018.2,1019.3,1021.3,1024.5,1019.9,1030.7,1021.4,1031.3,1017.2,1018.6,1016.7,1027.1,1024.9,1017.9,1018.5,1018.4,1027.9,1018.5,1018.7,1032.7,1018.5,1024.2,1025.4,1020.1,1020.1,1024.2,1023.1,1019.6,1019.7,1016.9,1018.0,1019.2,1023.5,1019.5,1021.0,1018.3,1018.6,1024.9,1018.3,1018.8,1025.4,1024.8,1022.2,1018.6,1020.3,1018.0,1021.3,1018.9,1018.9,1032.8,1020.8,1021.3,1034.1,1018.6,1019.4,1021.3,1023.9,1025.6,1019.1,1018.2,1025.7,1029.6,1018.0,1020.0,1021.8,1023.3,1019.3,1031.0,1026.6,1018.1,1021.4,1020.8,1026.3,1018.0,1017.4,1019.7,1018.4,1023.5,1018.6,1018.5,1028.1,1023.0,1018.9,1020.2,1026.6,1020.5,1029.6,1021.1,1021.6,1019.3,1018.6,1018.1,1023.5,1027.9,1031.5,1024.7,1020.4
2024-06-28 09:10,1018.7,,1018.4,,,1022.2,,,,,,,1019.6,1020.7,1018.4,1019.4,,1026.9,1018.2,1024.0,1021.8,1024.3,1029.9,1028.7,1018.6,,1018.9,,1021.9,1026.3,1018.7,1019.5,1018.5,,1019.7,,,1024.8,,,1018.5,,1021.5,1024.9,1020.0,,1021.6,,1017.4,,1016.7,1027.5,1025.3,1018.1,1018.7,,,,,,,,,,1020.3,1024.1,,1019.7,,,1018.5,1019.6,,,1021.2,1018.5,,,1018.7,,1025.7,1024.9,1022.5,1018.9,1020.2,1018.3,,1018.9,1019.1,1033.3,,,1034.4,1018.9,1019.6,1021.2,,,1019.6,,,,1018.0,1019.8,1022.0,1023.3,1019.5,,1027.1,,,1021.2,,1018.1,,1020.1,,1024.0,1018.8,1018.8,,1023.4,1019.1,1020.4,,1020.7,1030.0,,1021.6,1019.6,1018.9,1018.6,1023.7,,,1024.8,
2024-06-28 10:20,1019.1,1023.4,1018.3,1018.9,1018.8,1022.0,1024.1,1017.7,1019.3,1018.2,1017.1,1019.1,1019.8,1020.7,1018.5,1019.4,1018.5,1027.1,1018.1,1024.6,1022.2,1024.8,1030.7,1029.6,1018.8,1025.1,1019.0,1021.3,1022.0,1026.5,1019.0,1019.7,1018.7,1019.3,1019.8,1018.9,1017.6,1025.1,1018.4,1028.7,1019.0,1019.4,1021.9,1025.3,1020.3,1031.8,1021.6,1032.4,1017.6,1018.9,1016.8,1028.0,1025.5,1018.3,1018.9,1018.7,1028.8,1018.9,1019.4,1034.2,1019.0,1024.8,1025.5,1020.5,1020.4,1024.1,1023.8,1019.3,1020.6,1017.7,1018.8,1019.7,1023.7,1019.7,1021.4,1018.7,1019.3,1025.3,1018.9,1018.5,1026.1,1025.2,1022.9,1019.0,1019.9,1018.3,1021.9,1018.8,1019.1,1033.8,1021.3,1021.0,1035.2,1019.0,1019.6,1021.2,1024.5,1026.5,1020.2,1018.8,1026.0,1030.9,1018.2,1020.0,1021.9,1023.3,1019.8,1032.2,1027.6,1018.6,1022.5,1021.5,1027.2,1018.2,1017.7,1020.5,1018.7,1024.6,1018.9,1018.9,1029.2,1023.9,1019.3,1020.8,1027.7,1020.5,1030.7,1021.9,1021.7,1019.5,1019.2,1018.9,1023.7,1028.8,1032.8,1025.1,1020.2
2024-06-28 11:20,1019.3,1023.4,,,1018.9,1021.7,1024.2,1017.8,1019.3,1018.2,,,1020.0,1020.2,,1019.2,1018.5,1027.1,1018.0,1024.8,1022.4,1025.2,1030.9,,1018.7,1025.1,1019.0,1021.3,1022.0,,1019.3,1019.7,1018.6,1019.1,1019.7,1018.9,1017.3,1025.1,1018.3,1029.1,,1019.3,1022.0,1025.8,1020.4,1032.1,1021.8,1032.9,1017.8,1019.0,1016.7,,1025.5,1018.4,1018.9,1018.8,,1018.7,1019.5,1034.6,1019.0,1025.1,1025.4,,,,1024.0,1018.6,1020.9,1017.8,,1019.6,1023.7,1019.6,1021.7,1018.7,1019.3,,1019.0,1018.5,1026.5,1025.3,1023.1,,1019.6,1018.3,1021.6,1018.5,,1034.5,,,1035.8,1019.0,1019.3,,1024.5,1026.9,1020.4,1018.8,1026.0,1031.3,1018.2,1019.8,1021.8,1023.2,1019.9,1032.6,1027.9,1018.5,1022.8,,1027.5,1018.2,1017.8,1020.8,1018.7,1025.1,1018.9,,1029.5,1024.2,1019.3,1020.9,,1020.3,1031.1,1022.1,1021.4,1019.2,1019.4,1018.9,1023.7,1029.4,1033.4,1025.3,
2024-06-28 12:20,1019.1,1023.3,1018.3,1018.4,1018.8,1021.3,1024.3,1017.6,1019.1,1018.0,1016.6,1019.0,1019.8,1019.9,1018.5,1018.8,1018.6,1027.2,1017.8,1025.1,1022.5,1025.5,1030.9,1030.3,1018.7,1025.2,1018.8,1021.3,1021.9,1026.5,1019.2,1019.5,1018.4,1019.1,1019.4,1018.3,1017.3,1025.0,1018.3,1029.5,1018.8,1019.0,1022.1,1025.8,1020.2,1032.5,1021.7,1033.5,1017.7,1018.7,1016.5,1028.7,1025.3,1018.2,1018.9,1018.5,1029.3,1018.8,1019.3,1035.0,1018.8,1025.3,1025.4,1020.5,1020.3,1023.3,1024.2,1017.8,1020.9,1017.7,1018.5,1019.2,1023.6,1019.5,1021.9,1018.3,1019.2,1025.1,1018.9,1018.4,1026.6,1025.3,1023.2,1018.9,1019.3,1018.0,1021.5,1018.4,1018.9,1034.8,1021.2,1019.9,1036.4,1018.7,1019.0,1019.9,1024.2,1027.1,1020.3,1018.6,1026.3,1031.7,1018.0,1019.5,1021.6,1022.9,1019.9,1033.0,1028.2,1018.3,1022.8,1021.6,1027.8,1018.0,1017.7,1020.9,1018.5,1025.3,1018.8,1018.6,1029.7,1024.2,1019.0,1020.9,1028.1,1020.4,1031.5,1021.9,1021.2,1019.0,1019.5,1018.6,1023.6,1029.9,1033.8,1025.4,1018.9
2024-06-28 13:10,1018.8,1023.2,1018.0,1018.1,1018.4,1021.0,1024.2,1017.5,1018.9,1017.9,1016.4,1018.7,1019.7,1019.9,1018.1,1018.6,1018.2,1027.4,1017.6,1025.2,1022.6,1025.8,1031.3,1030.5,1018.6,1025.2,1018.6,1021.2,1021.9,1026.7,1019.3,1019.4,1018.0,1019.0,1019.0,1018.4,1017.2,1024.8,1018.3,1029.6,1018.4,1018.7,1022.1,1026.0,1020.0,1032.8,1021.8,1033.6,1017.5,1018.6,1016.2,1029.1,1025.3,1018.0,1018.7,1018.3,1029.6,1018.6,1019.1,1035.4,1018.5,1025.5,1025.4,1020.5,1020.2,1023.1,1023.9,1017.6,1020.6,1017.6,1018.1,1019.0,1023.3,1018.9,1022.0,1018.4,1018.9,1024.8,1018.5,1018.5,1026.7,1025.1,1023.2,1018.6,1018.9,1018.0,1021.4,1018.1,1018.7,1035.0,1020.9,1019.7,1036.5,1018.6,1018.6,1019.9,1024.1,1027.2,1020.0,1018.3,1026.3,1031.8,1018.0,1019.1,1021.6,1022.8,1019.5,1033.1,1028.0,1018.0,1022.6,1021.6,1027.9,1017.7,1017.5,1020.8,1018.2,1025.5,1018.5,1018.6,1029.8,1024.3,1018.6,1020.7,1028.3,1020.4,1031.7,1021.9,1021.1,1018.4,1019.5,1018.2,1023.5,1029.9,1034.1,1025.5,1018.3
2024-06-28 14:30,1018.5,1023.3,1017.5,1017.4,1017.8,1020.4,1023.9,1017.3,1018.4,1017.7,1015.7,1018.3,1019.4,1019.6,1017.7,1018.4,1018.2,1027.4,1017.1,1025.0,1022.3,1025.8,1031.4,1030.4,1017.9,1025.1,1018.4,1020.8,1021.6,1026.8,1019.1,1019.1,1017.4,1018.2,1018.1,1017.8,1016.6,1024.8,1018.4,1029.5,1018.0,1018.3,1021.9,1025.9,1019.8,1032.9,1021.8,1034.0,1017.2,1018.1,1016.0,1029.0,1025.3,1018.1,1018.3,1017.9,1029.7,1018.3,1018.8,1035.8,1018.2,1025.7,1025.3,1020.1,1020.0,1022.8,1024.2,1017.1,1020.2,1017.4,1017.6,1018.5,1022.9,1018.3,1022.0,1018.2,1018.5,1024.8,1018.2,1018.1,1026.7,1025.1,1023.1,1018.0,1018.1,1017.8,1020.7,1017.6,1018.4,1035.3,1020.6,1018.9,1036.9,1018.3,1018.3,1019.4,1024.0,1027.2,1019.6,1017.7,1026.4,1031.9,1017.7,1018.4,1021.3,1022.2,1019.1,1033.5,1027.9,1017.6,1022.6,1021.5,1028.0,1017.5,1017.5,1020.5,1017.9,1025.6,1018.6,1018.1,1029.8,1024.2,1018.0,1020.5,1028.3,1020.3,1031.8,1021.6,1021.0,1017.8,1019.9,1017.8,1023.4,1030.3,1034.2,1025.1,1017.6
2024-06-28 15:10,1018.8,1023.2,1017.2,1017.4,1017.8,1020.3,1024.0,1017.3,1018.4,1017.7,1015.7,1018.6,1019.2,1019.6,1017.6,1018.4,1018.1,1027.1,1017.0,1025.1,1022.3,1025.8,1031.4,1030.8,1017.8,1024.9,1018.3,1020.9,1022.0,1026.7,1019.1,1018.9,1017.2,1018.3,1018.1,1017.6,1016.6,1024.6,1018.0,1029.7,1018.2,1018.2,1022.1,1025.9,1019.8,1032.9,1021.7,1034.2,1016.9,1017.9,1015.8,1029.1,1025.1,1018.0,1018.0,1017.6,1029.7,1018.0,1018.9,1036.0,1018.0,1025.7,1025.3,1020.1,1019.8,1022.6,1024.3,1016.6,1020.5,1017.1,1017.9,1018.4,1023.0,1018.2,1021.7,1018.0,1018.4,1024.7,1018.7,1018.1,1026.7,1025.1,1023.1,1018.2,1018.0,1017.7,1020.7,1017.3,1018.4,1035.4,1020.7,1018.9,1037.1,1018.0,1018.4,1019.3,1023.9,1027.3,1020.0,1017.8,1026.3,1032.1,1017.8,1018.3,1021.1,1022.2,1019.2,1033.7,1028.1,1017.9,1022.8,1021.6,1027.9,1017.8,1017.2,1020.6,1017.6,1025.5,1018.5,1018.0,1030.0,1024.1,1017.9,1020.4,1028.4,1020.5,1031.9,1021.6,1021.0,1017.8,1019.4,1018.1,1023.0,1030.7,1034.6,1025.3,1017.4
2024-06-28 16:20,1018.9,1022.9,1016.9,1017.5,1017.9,1020.3,1024.0,1017.4,1018.3,1017.7,1015.8,1018.5,1019.2,1019.0,1017.2,1018.1,1018.2,1027.4,1017.2,1025.0,1022.3,1026.0,1031.6,1031.0,1017.6,1024.9,1018.4,1021.3,1022.4,1026.4,1019.2,1018.7,1017.0,1018.3,1018.1,1017.7,1016.5,1024.6,1018.0,1029.8,1018.0,1018.1,1021.9,1025.9,1019.8,1033.0,1021.6,1034.3,1016.9,1018.4,1015.7,1029.5,1024.9,1018.0,1017.8,1017.4,1029.8,1017.7,1019.2,1036.3,1017.7,1026.0,1025.4,1020.3,1020.0,1022.6,1024.2,1016.2,1020.5,1017.1,1017.7,1018.3,1022.9,1017.9,1021.9,1018.1,1018.8,1024.6,1018.5,1018.2,1026.5,1025.1,1022.9,1018.6,1017.8,1017.9,1021.0,1017.1,1018.3,1035.6,1020.9,1018.6,1037.7,1018.0,1018.2,1019.1,1023.7,1027.5,1019.8,1017.9,1026.4,1032.3,1017.8,1018.1,1020.9,1022.2,1019.5,1033.8,1028.2,1017.6,1022.8,1021.6,1027.8,1017.7,1017.2,1020.5,1017.2,1025.9,1018.7,1018.0,1030.1,1024.2,1018.0,1020.2,1028.5,1020.6,1032.0,1021.5,1021.1,1017.7,1019.5,1017.9,1023.0,1030.8,1034.9,1025.3,1017.0
2024-06-28 17:10,1018.5,1023.2,1016.5,1017.3,1017.6,1020.3,1024.1,1017.2,1018.3,1017.2,1015.5,1018.2,1018.6,1019.4,1016.8,1017.8,1017.9,1027.4,1017.1,1025.1,1022.0,1026.0,1031.4,1030.8,1017.3,1024.9,1018.2,1020.9,1022.3,1026.5,1019.1,1018.7,1016.7,1018.1,1017.8,1018.1,1016.3,1024.6,1017.9,1029.8,1017.7,1018.0,1021.9,1025.8,1019.7,1033.0,1021.6,1034.2,1016.8,1018.0,1015.5,1029.3,1024.9,1017.6,1017.6,1017.0,1029.8,1017.8,1018.7,1036.3,1017.3,1025.9,1025.5,1019.9,1019.8,1022.6,1024.4,1015.9,1020.2,1017.1,1017.3,1018.4,1022.8,1017.5,1021.9,1018.0,1018.3,1024.7,1018.0,1018.1,1026.5,1025.1,1022.9,1018.0,1017.4,1018.0,1020.8,1016.7,1018.3,1035.7,1020.9,1018.4,1037.7,1018.1,1018.1,1019.0,1023.5,1027.7,1019.3,1017.5,1026.5,1032.2,1017.2,1017.6,1020.8,1022.1,1018.9,1033.9,1028.1,1017.1,1022.4,1021.6,1027.8,1017.1,1017.0,1020.2,1017.2,1025.9,1018.5,1017.9,1030.2,1024.2,1017.8,1020.0,1028.4,1020.4,1032.2,1021.5,1021.2,1017.3,1019.2,1017.4,1022.9,1030.5,1034.5,1024.9,1016.8
2024-06-28 18:20,,1023.0,1016.4,1017.7,1017.6,1019.8,1024.1,1017.1,1018.3,1017.0,,,1018.5,,,,1017.6,1027.2,,,1021.9,,,,1017.3,,1018.4,,1022.3,,,1018.7,,,,,,,,,,1018.1,1021.5,,1019.7,1032.9,1021.2,1033.9,1016.5,,1015.4,1029.2,,1017.3,,1016.9,1029.9,1017.8,1018.9,1036.4,1017.0,1025.8,,,1019.8,,1024.5,,1020.3,1016.9,,1018.7,1022.6,1017.8,,,,,,,1026.5,1024.7,,,1017.5,,,,,1035.6,,,,1018.4,1018.5,1019.3,1023.2,,,1017.8,,,,,1020.5,1022.3,1019.2,1033.7,,,,,1027.5,1016.8,,1020.3,1017.0,1025.5,1018.4,,,1024.1,,,1028.4,1020.6,1032.0,1021.7,,,1019.0,1017.7,1022.9,1030.6,1034.8,1025.0,1016.4
2024-06-28 19:20,1018.4,1023.7,1017.1,1018.8,1017.4,1020.5,1024.7,1016.8,1018.7,1016.8,1016.1,1018.2,1019.3,1020.0,1017.0,1018.6,1017.4,1027.6,1018.0,1025.0,1022.2,1026.1,1031.9,1031.0,1018.1,1025.1,1018.5,1021.1,1023.4,1027.0,1019.0,1019.3,1017.2,1019.5,1018.2,1018.3,1016.8,1024.8,1017.5,1030.2,1017.6,1018.6,1022.0,1026.0,1019.9,1033.3,1022.0,1034.6,1016.9,1018.6,1015.7,1029.7,1025.1,1017.1,1018.2,1017.5,1030.2,1018.4,1018.7,1036.7,1017.6,1026.4,1025.7,1020.3,1020.1,1022.7,1025.1,1016.5,1020.1,1017.2,1017.3,1019.0,1023.1,1018.0,1022.3,1017.9,1018.6,1025.1,1018.0,1018.4,1026.7,1025.2,1023.1,1018.4,1017.9,1017.8,1021.3,1017.6,1019.3,1036.0,1021.5,1019.3,1038.4,1018.3,1019.1,1019.8,1023.8,1028.1,1019.4,1017.8,1026.7,1032.4,1017.0,1018.1,1021.4,1022.7,1019.2,1034.2,1028.5,1017.2,1022.4,1021.6,1028.1,1016.7,1017.2,1020.2,1017.5,1025.9,1018.3,1018.2,1030.5,1024.1,1017.8,1020.2,1028.3,1021.1,1032.3,1021.9,1022.0,1017.4,1018.8,1017.6,1023.3,1030.7,1035.0,1025.5,1017.4
2024-06-28 20:20,1019.0,1024.1,1017.6,1019.0,1017.9,1021.5,1025.6,1017.7,1019.1,1018.1,1017.3,1018.7,1019.3,1020.7,1017.4,1019.1,1018.6,1028.3,1018.9,1025.3,1022.5,1026.8,1032.1,1031.7,1018.6,1025.7,1019.3,1021.6,1022.8,1027.3,1019.3,1019.4,1016.8,1019.9,1019.4,1018.6,1017.8,1025.3,1018.5,1031.0,1018.1,1019.3,1022.0,1025.9,1020.5,1033.8,1021.6,1034.6,1017.6,1019.2,1016.6,1030.3,1025.7,1018.2,1018.7,1017.7,1030.9,1018.4,1019.1,1037.2,1017.9,1027.3,1026.5,1020.8,1020.8,1023.3,1025.5,1017.3,1020.8,1017.8,1017.9,1019.2,1023.9,1018.5,1023.3,1018.8,1019.0,1025.7,1018.8,1019.7,1027.2,1025.6,1023.0,1019.0,1018.6,1018.2,1022.0,1018.0,1019.6,1036.4,1022.4,1020.4,1038.7,1019.0,1019.3,1020.7,1024.1,1028.9,1020.0,1018.3,1027.7,1032.8,1018.2,1018.9,1021.8,1023.8,1019.9,1034.6,1028.8,1017.9,1023.0,1021.8,1028.0,1017.9,1017.8,1021.1,1017.8,1026.3,1019.3,1018.7,1030.7,1024.8,1018.4,1020.5,1029.2,1022.2,1033.0,1022.1,1023.0,1018.4,1019.9,1018.2,1024.1,1031.5,1035.8,1025.8,1018.3
2024-06-29 08:20,1016.8,1020.9,1014.8,1015.9,1016.2,1021.7,1024.7,1015.2,1016.4,1016.0,1020.1,1016.8,1016.4,1018.3,1014.8,1016.7,1016.1,1028.7,1021.1,1022.3,1019.4,1027.3,1030.7,1030.4,1015.9,1025.2,1016.6,1018.7,1019.3,1025.1,1016.0,1016.7,1015.2,1016.6,1017.3,1016.0,1020.6,1024.3,1016.0,1029.3,1016.6,1016.8,1018.8,1021.8,1017.5,1030.8,1018.6,1030.9,1020.2,1016.5,1019.7,1029.9,1024.0,1015.8,1016.2,1015.5,1030.7,1016.1,1016.8,1036.3,1015.2,1027.3,1027.4,1017.7,1017.9,1025.2,1025.9,1017.2,1018.1,1020.0,1016.6,1016.9,1024.2,1016.8,1024.5,1016.2,1016.6,1024.3,1016.4,1021.6,1026.3,1024.1,1019.9,1016.5,1018.6,1015.9,1019.4,1015.2,1016.7,1034.5,1020.5,1021.0,1036.2,1016.3,1016.7,1019.3,1022.6,1028.6,1017.9,1016.0,1028.0,1031.8,1015.9,1017.4,1019.2,1023.6,1017.4,1032.6,1028.0,1016.5,1020.1,1018.5,1024.7,1016.1,1020.4,1018.0,1015.6,1026.9,1016.4,1016.0,1030.5,1021.4,1016.6,1017.4,1026.2,1023.7,1031.4,1018.7,1024.4,1016.6,1016.8,1016.7,1025.8,1029.6,1032.6,1025.1,1017.8
2024-06-29 09:10,,,1014.3,,,1021.5,1024.8,1014.9,,,,1016.3,1015.9,1017.7,,1016.4,1015.8,1028.6,1020.8,1022.0,1019.0,1027.4,1030.8,1030.4,1015.5,1024.9,1016.2,1018.5,1019.1,1024.9,,,1014.7,1016.4,1017.0,1015.6,1020.3,1024.2,1015.7,1029.5,1016.2,1016.3,,1021.3,1017.1,,,,1020.3,,1019.6,1030.1,1023.7,1015.3,1015.7,1014.8,,1015.7,1016.4,1036.3,1014.9,1027.4,1027.2,1017.6,,1024.9,1025.8,1016.9,1017.8,,1016.0,1016.4,1023.9,,,1015.9,,,1016.1,,,1024.0,1019.6,1016.1,1018.2,,,1014.6,,1034.5,,1020.6,1036.4,1016.0,1016.3,,1022.5,1028.6,1017.4,1015.7,1027.9,,,1016.9,,,1017.0,1032.9,1028.1,1016.0,1019.8,1018.1,1024.5,1015.7,1020.5,1017.9,1015.3,1027.2,1016.2,1015.6,1030.5,1021.1,1016.3,1016.9,1026.1,,1031.7,1018.4,1024.1,1016.2,1016.5,1016.3,1025.9,1029.4,,,1017.8
2024-06-29 10:20,1015.9,1019.8,,,1015.2,1020.9,1024.8,1014.1,1014.9,,1019.9,1015.7,,,1013.5,1015.1,,1028.3,1020.9,1021.2,1018.2,1027.8,1030.4,1030.4,1014.6,1024.6,1015.3,1017.7,1018.3,1025.5,1015.0,1015.5,1014.0,1015.4,1016.0,1014.6,1020.3,,1014.8,,,1015.2,1017.8,1020.8,1016.1,1030.9,,1029.1,1020.4,1015.1,1019.6,1030.1,,,1014.8,1014.0,1030.7,,1015.7,1036.4,1013.7,1027.5,1026.5,,1016.5,1024.1,1025.7,1016.5,1017.2,,1015.5,1015.3,1023.9,1015.4,1024.4,1014.8,1015.5,1024.6,,1021.5,1026.0,1023.8,1019.2,,1017.1,1014.5,1018.9,1014.1,1015.3,1034.8,1020.3,1019.8,,1014.8,1014.7,1018.3,1022.6,1028.7,1017.1,1014.9,1027.6,1031.8,1014.8,,,1023.3,1016.2,1033.0,1028.0,1015.2,,1017.5,1024.0,1014.9,,1017.2,1014.6,1027.5,1015.2,,1030.5,,1015.5,1016.1,,1023.2,1031.8,1017.7,1023.8,1015.2,1015.7,1015.5,1025.7,1029.0,1032.0,1024.8,
2024-06-29 11:00,1015.2,1019.4,1012.4,1013.6,1014.7,1021.0,1024.8,1013.6,1014.6,1014.1,1019.7,1015.1,1015.1,1016.1,1012.9,1014.6,1014.2,1028.1,1020.9,1021.2,,1027.6,,1030.5,1013.9,1024.4,1014.7,1017.3,,1024.3,,,,,,,1020.2,,,,1015.1,,1017.4,,,1030.1,1017.3,1029.1,,1014.6,1019.3,1030.2,1023.2,1013.9,1014.2,1013.8,1030.8,1014.1,,1036.4,1013.6,1027.8,1026.4,1016.3,1016.1,1023.3,1025.8,1015.4,1016.8,1020.1,1014.9,1014.8,1023.9,1014.8,1024.3,1014.2,1014.9,1024.0,1014.8,,1025.9,1023.9,,1014.5,1016.7,,1018.6,,1015.0,,1020.2,1019.4,,,1014.1,1017.3,1021.7,1028.7,1016.5,1014.2,1027.6,1031.8,1014.0,1016.0,1016.3,,,,1028.1,,,1017.1,1022.7,1014.1,1020.3,,1014.1,,1014.6,1014.1,1030.1,1020.1,1014.8,1015.7,1025.2,1023.1,1031.4,1017.0,1023.9,1014.3,1015.2,1015.1,1025.3,1028.9,1031.9,1024.7,1017.5
2024-06-29 12:20,,1018.6,1013.1,1013.2,1013.7,1020.9,1024.1,1012.6,1013.7,1013.0,1019.0,1014.5,1014.8,1015.3,1013.5,1012.7,,1028.3,1020.6,1020.6,,1027.8,1030.0,1030.5,1013.1,1024.2,,1016.7,1016.9,1024.9,1014.1,,1013.1,,,1013.3,,1024.0,1012.9,1028.8,1014.1,1013.5,1017.2,1020.7,,,,1028.8,,1013.2,1018.7,1030.1,1023.0,1012.7,,,1030.9,1013.9,,1036.7,1013.6,1027.3,1026.2,1015.8,1014.8,1022.4,1025.4,,1016.1,,1014.2,1013.9,1023.1,1013.9,1024.0,,1014.1,1024.6,1013.8,1020.8,,,,,1016.3,,1018.4,1013.5,,1034.3,1019.6,1018.7,,1013.5,,1017.4,1021.9,1028.4,1016.0,,,1031.9,,,,1022.9,,,1027.5,1013.8,1018.7,1016.6,1023.6,,1020.0,1016.0,1013.6,1027.3,1013.4,1013.2,1029.8,1019.4,1014.0,1015.8,1024.4,1022.5,1031.7,1017.0,1023.9,1013.5,,1014.2,1024.9,,1031.6,1024.7,1017.2
2024-06-29 13:00,1013.8,1018.8,1012.5,1012.9,1013.3,1020.7,1024.3,1012.2,1013.6,1012.7,1018.8,1013.9,1014.2,1015.5,1012.5,1012.8,1012.8,1028.0,1020.5,1020.7,,1027.8,1030.4,1029.9,,1023.8,,1015.7,1017.1,1024.9,1013.9,1014.5,1012.6,1013.3,1013.2,1012.8,1019.5,1024.1,1012.7,1028.8,1013.6,1013.6,1017.1,1020.0,1014.5,1030.3,1016.4,1028.8,1019.6,1013.0,1018.7,1030.1,1023.0,1012.7,1013.6,1012.8,1030.7,1013.6,1013.3,,1012.8,1027.3,1025.9,1015.1,1015.0,1022.0,1025.4,1015.0,1015.7,1019.8,1013.3,1014.0,1023.6,1013.4,1023.7,1012.9,1013.2,1024.8,1013.2,1020.9,1025.7,1023.3,1018.3,,1015.8,,1018.3,1013.2,1013.5,1034.3,1019.6,1018.3,1035.5,1012.9,1013.0,1017.4,1021.7,1028.5,1015.2,1012.2,1027.3,1031.5,1012.5,1014.8,1016.9,1022.9,1014.1,,1027.9,1012.9,1018.0,,1023.3,1012.8,1020.0,,1013.0,1027.2,,1013.4,1029.8,1019.4,1013.4,1015.3,1024.7,1022.7,1031.4,1017.1,1023.3,1012.8,1014.2,1013.3,1024.2,1028.4,1031.5,1024.4,1017.2
2024-06-29 14:30,1013.1,1019.6,1011.7,1012.7,1012.1,1020.4,1023.5,1011.1,1012.7,1011.8,1017.9,1012.9,1012.7,1015.5,1011.9,1013.0,1011.8,1027.5,1019.6,1019.7,1016.6,,1028.7,,1012.1,1023.9,1012.5,1015.6,1017.1,1025.7,1012.6,1013.7,1010.9,,,1012.1,,1025.3,1011.7,1028.1,,1013.4,1016.2,,,1030.0,1015.5,1029.7,1018.5,1012.3,1017.8,1029.5,1024.4,1011.7,,1011.3,1030.4,1012.6,1013.0,1036.0,1011.8,1026.7,1025.9,1014.8,1014.5,,,,1014.9,,,1013.4,1023.3,1013.2,,1011.9,1012.6,1026.2,1012.5,1020.2,,,1017.6,,1015.7,1011.6,1018.2,1013.0,1012.7,1033.9,1019.1,,1034.7,,1013.2,1017.5,1023.0,1028.1,,1012.0,1027.1,,1011.8,1014.8,1017.0,,1013.8,1033.0,1027.0,1012.2,1017.5,1015.7,1022.9,1011.8,,1015.1,1012.1,1026.2,1012.3,,,1019.0,,,1024.4,1022.1,1031.1,,1023.0,,1013.4,1012.5,,1027.9,1029.9,1024.1,
2024-06-29 15:10,1013.0,,,1012.8,1011.7,,,1011.0,,1011.5,,,1012.0,,1009.4,1013.7,,,1018.6,,1016.7,1025.2,1027.7,,1012.2,1023.5,1012.5,1015.7,,,1012.7,1012.9,1010.7,1013.1,,,,,1011.6,1028.7,1012.0,1014.0,,1018.8,1014.5,,,,,1012.2,1016.3,,1022.7,1011.3,1012.4,,1029.9,1011.7,,1035.7,1010.8,1026.4,,,1014.7,,,,1014.6,,1011.9,,1024.1,1013.0,,,1012.7,,1012.4,,,1024.8,1016.6,1012.2,,,,1012.1,1012.8,1032.4,,1018.3,1035.8,1012.6,1013.8,,,,1014.2,1012.1,1026.6,,1011.4,1014.9,,,1013.7,1032.6,1027.6,1012.1,1017.6,1015.6,,1011.5,1017.5,1015.0,1010.6,1024.9,1012.3,,,1019.1,1012.1,1012.4,1024.4,1021.8,1031.1,1015.8,,1012.7,,1012.5,,,,1023.9,
2024-06-29 16:20,1012.4,1017.5,1009.5,1012.9,1011.5,1018.8,1022.8,1010.0,1010.2,1011.0,1016.1,1012.2,1011.8,1013.4,1009.4,1012.7,1010.7,1027.0,1017.6,1017.7,1014.5,1025.4,1026.7,1028.3,1009.9,1023.3,1010.5,1015.3,1016.8,1022.4,1011.0,1011.1,1011.3,1013.0,1012.8,1010.2,1016.7,1023.0,1010.3,1027.2,1011.7,1012.1,1014.2,1018.9,1012.9,1027.4,1014.4,1027.0,1017.5,1010.9,1016.3,1027.8,1022.3,1010.5,1010.0,1011.1,1029.2,1010.5,1012.2,1034.6,1010.3,1024.7,1024.5,1015.0,1013.0,1021.1,1022.0,1013.0,1014.4,1017.2,1011.6,1011.1,1022.1,1012.8,1020.9,1010.6,1012.1,1025.3,1011.7,1018.1,1024.6,1022.5,1015.7,1011.7,1015.0,1010.2,1017.3,1011.2,1011.8,1031.8,1018.5,1017.0,1032.8,1011.0,1013.1,1015.5,1019.6,1026.0,1013.8,1011.5,1025.2,1030.5,1011.0,1014.3,1014.4,1020.9,1013.4,1030.2,1025.4,1011.7,1016.8,1013.5,1020.6,1011.1,1017.5,1014.3,1010.1,1025.2,1011.4,1010.0,1028.7,1017.8,1012.1,1012.6,1022.3,1020.1,1029.8,1014.0,1021.7,1012.7,1012.1,1012.1,1022.9,1027.6,1030.7,1022.9,1015.9
2024-06-29 17:10,,,1010.0,,1010.5,1018.6,1022.2,1008.4,,,,,1011.2,1013.8,,1012.8,1009.8,,1017.1,1017.4,,1025.1,1026.1,,1009.5,1022.3,,,1016.4,,1010.1,1011.4,1009.8,,1012.3,,1016.8,1023.0,1009.5,1026.7,1011.0,1013.3,1014.3,,1012.2,,1013.9,1026.0,1017.4,1010.1,1016.1,1027.2,1020.2,1009.3,1010.0,1010.2,1028.7,,1011.3,1034.5,1011.8,,,1013.5,,1020.3,,,,1016.8,1010.7,,,1012.2,,,1010.2,1023.4,,,1023.9,1023.6,,,,,,1011.0,,1030.4,,1016.8,,,1013.2,1015.3,,1025.1,,1010.5,1025.2,1029.6,,1013.6,1014.4,,1012.5,,1024.7,1010.6,1015.8,1013.1,1020.5,1009.9,,1012.9,1011.6,,1010.4,,1028.1,,,1013.8,,1019.9,,,,,1010.8,,1022.1,,1029.3,,1018.3
2024-06-29 18:20,1011.6,1016.5,1008.7,1013.7,1010.1,1018.5,1021.5,1009.3,1011.7,1009.8,1014.4,1011.2,1010.6,1013.0,1008.3,1014.0,1010.4,1025.9,1015.9,1019.2,1016.0,1022.7,1025.4,1027.2,1011.3,1022.7,1011.4,1015.3,1019.2,1020.7,1011.9,1011.8,1008.5,1013.6,1012.6,1010.9,1015.4,1021.2,1010.4,1025.6,1010.8,1013.4,1012.8,1016.0,1012.1,1025.0,1012.6,1024.6,1015.3,1012.1,1014.1,1025.9,1019.4,1009.7,1011.4,1008.8,1029.1,1009.4,1011.9,1033.8,1008.8,1024.0,1025.3,1014.7,1012.4,1020.1,1021.8,1012.1,1013.3,1015.3,1010.0,1011.1,1021.5,1012.5,1021.6,1010.5,1011.4,1021.2,1011.2,1016.6,1023.7,1020.8,1014.3,1011.9,1014.3,1010.6,1016.3,1009.0,1013.4,1027.9,1018.4,1016.2,1030.1,1010.5,1015.0,1014.4,1018.7,1023.9,1012.1,1011.2,1025.7,1029.4,1009.9,1013.3,1013.6,1019.7,1013.0,1028.3,1024.5,1010.6,1015.8,1013.7,1018.4,1010.0,1015.3,1013.2,1009.2,1022.8,1011.7,1011.5,1027.7,1016.5,1011.2,1011.5,1022.8,1018.7,1028.8,1014.3,1021.9,1012.2,1011.5,1010.7,1022.2,1026.6,1029.6,1022.1,1016.7
2024-06-29 19:10,1011.6,1016.2,1007.5,1013.7,1010.8,1016.6,1020.5,1009.7,1010.5,1009.4,1013.9,1011.3,1009.4,1012.4,1006.9,1013.5,1010.4,1026.5,1015.6,1015.8,1012.8,1022.7,1023.9,1026.0,1008.4,1021.2,1011.5,1015.6,1017.4,1020.1,1007.0,1010.3,1007.6,1012.9,1012.0,1009.6,1014.5,1019.9,1010.1,1024.0,1010.9,1013.1,1012.0,1015.5,1012.8,1024.1,1011.6,1023.4,1015.0,1012.4,1014.0,1024.9,1019.1,1009.8,1008.7,1007.9,1027.8,1009.0,1012.9,1032.2,1007.6,1022.4,1023.3,1015.3,1013.0,1021.9,1020.8,1011.9,1013.8,1014.9,1010.6,1011.1,1021.1,1011.4,1019.3,1010.3,1012.7,1020.3,1011.3,1015.7,1022.0,1019.8,1013.5,1011.3,1013.0,1010.2,1015.2,1009.0,1013.7,1027.1,1017.7,1015.0,1029.4,1010.5,1013.9,1013.3,1017.8,1023.2,1012.8,1011.9,1024.0,1027.5,1009.3,1012.6,1012.5,1018.7,1012.8,1027.6,1023.1,1010.8,1016.6,1011.7,1017.4,1009.7,1015.0,1013.2,1008.4,1022.5,1011.7,1009.5,1028.2,1016.9,1011.1,1010.7,1021.5,1017.9,1027.2,1013.3,1021.2,1011.3,1011.1,1010.9,1023.2,1025.7,1027.0,1020.5,1015.5
2024-06-29 20:20,1011.4,1014.1,1006.9,1012.1,1010.1,1015.4,1018.7,1007.3,1008.7,1008.9,1012.4,1011.2,1008.8,1011.4,1005.9,1011.2,1008.4,1024.7,1014.4,1013.5,1011.3,1020.9,1023.0,1024.8,1007.4,1020.0,1009.5,1013.8,1014.8,1019.4,1007.4,1008.0,1007.0,1010.8,1011.3,1007.7,1013.4,1018.2,1008.4,1022.3,1010.7,1011.1,1011.2,1014.7,1010.5,1022.9,1011.4,1022.2,1013.5,1010.1,1012.2,1023.4,1018.3,1008.3,1007.5,1007.3,1026.4,1007.0,1011.4,1031.0,1006.6,1021.3,1022.0,1013.0,1011.2,1020.2,1019.3,1011.2,1013.3,1013.8,1010.4,1009.7,1018.8,1010.9,1018.5,1008.5,1010.8,1018.7,1010.1,1014.6,1021.2,1018.6,1012.6,1009.8,1012.1,1007.2,1014.1,1008.6,1011.3,1025.9,1016.0,1014.1,1028.7,1008.1,1011.2,1012.9,1016.9,1022.0,1012.7,1010.6,1022.4,1026.5,1008.7,1011.6,1011.1,1017.5,1012.2,1026.2,1021.2,1009.6,1015.7,1010.9,1016.5,1008.8,1013.5,1012.0,1007.6,1020.8,1009.4,1007.7,1026.4,1014.7,1010.4,1009.3,1019.4,1017.0,1025.8,1010.7,1019.8,1010.6,1009.7,1010.9,1021.6,1024.8,1025.1,1019.7,1013.9
2024-06-30 08:20,1011.7,1014.9,1012.2,1012.0,1011.2,1013.2,1015.7,1010.7,1012.1,1010.9,1012.4,1011.6,1013.5,1012.8,1012.3,1012.1,1011.3,1018.4,,1015.0,1013.8,1018.0,1020.9,1020.0,1011.5,1015.7,1012.0,1013.7,1014.1,1017.7,1011.8,1012.4,1013.2,1012.1,1012.3,1011.6,1012.5,1016.6,1011.3,1019.3,1011.2,1012.2,1014.2,1016.3,1013.1,1021.2,1014.5,1021.7,1012.3,1011.9,1011.9,1019.7,1017.0,1011.2,1011.7,1013.0,1020.6,1012.0,1012.1,1024.2,1013.2,1017.7,1016.8,1013.1,1013.3,1014.5,1017.0,1012.3,1012.8,1012.2,1011.0,1012.3,1015.7,1012.0,1015.1,1011.5,1012.0,1016.9,1011.6,1013.7,1016.9,1016.9,1015.0,1012.0,1012.0,1010.9,1013.7,1012.5,1012.1,1023.7,1013.6,1013.4,1024.8,1011.8,1012.1,1013.5,1015.8,,1011.9,1011.8,1017.8,1021.0,1010.9,1012.3,1014.2,1015.2,1012.6,1022.2,1018.5,1011.1,1014.0,1013.5,1017.2,1011.0,1012.6,1012.5,1012.2,1017.7,1011.9,1011.7,1019.5,1014.9,1011.6,1013.9,1017.8,1014.9,1021.0,1013.9,1015.0,1011.9,1011.8,1011.4,1015.7,1019.7,1022.4,1016.1,1012.9
2024-06-30 09:10,1011.8,,,,1011.4,1013.2,,,1012.4,1011.0,1012.4,1011.7,1014.0,1013.2,,,,1018.5,,1015.6,1014.3,1018.1,1021.3,1020.0,,,1012.1,,1014.2,1017.9,1012.2,1013.4,1013.7,,,1011.9,1012.6,1016.7,1011.5,,,,1014.8,1016.8,,1021.7,1015.2,,,1012.1,1012.0,1019.9,1017.2,1011.5,,1013.5,1020.8,1012.8,,1024.5,1013.9,,1016.9,1013.2,1013.4,1014.5,,1012.8,,,1011.3,,1016.1,,,,1012.1,,1011.8,,1017.0,1016.9,1015.6,1012.1,,1011.3,1013.9,1013.0,1012.2,,,1013.4,1025.1,1012.1,1012.1,,,,,1011.8,,1021.2,1011.1,1012.4,1014.8,1015.4,1012.6,1022.5,1018.9,1011.3,1014.1,1014.1,1017.7,1011.1,1012.7,1012.7,1012.9,1017.8,1012.1,1012.2,,1015.2,1011.7,,1018.1,1015.1,1021.1,1014.6,1015.0,1012.0,1012.2,1011.5,1015.8,1019.8,,,
2024-06-30 10:20,1012.2,1015.5,1013.4,1012.0,1011.8,1013.9,1016.3,1011.3,1013.3,1011.5,1012.3,1012.2,1014.6,1014.1,1013.4,1012.7,1012.0,1018.5,,1016.3,1015.1,1018.1,1021.7,1020.8,1012.9,1016.1,1012.6,1014.0,1014.3,1018.5,1012.7,1014.2,1014.1,1012.6,1012.4,1012.5,1012.8,1017.2,1011.9,1019.7,1011.9,1012.9,1015.1,1017.6,1014.1,1022.3,1015.5,1022.6,1012.9,1012.4,1012.1,1020.0,1017.6,1011.9,1013.2,1013.9,1020.9,1013.5,1012.5,1024.7,1014.1,1018.1,1017.0,1013.6,1014.0,1014.4,1017.6,1013.1,1013.5,1012.8,1011.8,1013.1,1016.0,1012.4,1015.7,1012.1,1012.4,1017.5,1012.1,1013.8,1017.5,1017.5,1015.8,1012.5,1012.6,1011.7,1013.9,1013.3,1012.6,1024.4,1013.7,1013.2,1025.4,1012.8,1012.7,1014.2,1016.8,,1012.9,1012.0,1018.3,1021.8,1011.6,1012.7,1015.5,1015.6,1013.0,1022.8,1018.9,1011.6,1014.7,1014.4,1018.2,1011.4,1012.7,1013.2,1013.1,1017.8,1012.5,1013.2,1020.1,1015.7,1012.2,1015.2,1018.6,1015.3,1021.6,1015.2,1015.0,1012.1,1012.6,1011.8,1015.7,1020.2,1022.8,1016.9,1013.5
2024-06-30 11:20,1012.5,1016.0,1013.6,1012.6,1011.9,1014.1,1016.6,1011.7,1013.8,1011.8,1012.7,1012.3,1015.1,1014.3,1013.9,1013.5,1012.3,1019.0,,1016.9,1015.6,1018.6,1022.5,1021.1,1013.2,1016.9,1013.2,1014.6,1015.2,1018.6,1013.4,1014.4,1014.7,1013.4,1012.6,1013.0,1013.2,1017.5,1012.2,1020.3,1012.1,1013.2,1016.0,1018.2,1014.6,1022.8,1016.4,1023.2,1013.2,1013.2,1012.2,1020.4,1017.7,1012.2,1013.4,1014.5,1021.2,1013.8,1013.1,1025.3,1014.5,1018.6,1017.3,1014.3,1014.8,1014.3,1017.8,1013.1,1013.7,1013.2,1012.0,1013.4,1016.5,1012.4,1016.3,1012.8,1013.1,1017.5,1012.5,1014.0,1018.0,1017.9,1016.6,1013.1,1012.4,1012.2,1014.4,1013.9,1013.4,1024.8,1014.7,1013.5,1026.1,1013.3,1013.4,1014.6,1017.1,,1013.2,1012.5,1018.6,1022.0,1011.8,1012.5,1015.8,1015.7,1013.6,1023.2,1019.7,1011.9,1015.1,1015.3,1018.7,1011.8,1013.0,1013.7,1013.7,1018.5,1013.0,1013.6,1020.5,1016.2,1012.3,1015.6,1019.1,1015.4,1022.2,1015.7,1015.5,1012.2,1013.1,1012.2,1016.2,1020.7,1023.5,1016.9,1013.6
2024-06-30 12:20,1013.0,1016.5,1014.2,1013.1,1012.2,1013.9,1017.2,1012.2,1014.1,1012.0,1012.8,1012.9,1015.7,1014.7,1014.5,1013.5,1012.5,1019.1,,1017.5,1016.2,1018.9,1022.7,1021.4,1013.7,1016.9,1013.3,1015.1,1015.8,1019.2,1014.1,1015.0,1015.2,1014.0,1013.3,1013.3,1013.1,1017.9,1012.5,1020.8,1012.5,1013.4,1016.8,1018.9,1014.8,1023.3,1017.1,1024.0,1013.2,1013.6,1012.1,1020.8,1018.4,1012.6,1013.9,1015.1,1021.4,1014.4,1013.4,1025.7,1015.1,1019.2,1018.0,1014.8,1014.8,1014.8,1018.0,1013.3,1014.2,1013.2,1012.1,1013.6,1017.0,1012.6,1016.8,1013.0,1013.2,1017.8,1012.9,1014.4,1018.1,1018.2,1017.5,1013.4,1012.5,1012.7,1014.8,1014.3,1013.8,1025.2,1015.2,1013.3,1026.7,1013.6,1013.7,1014.8,1017.6,,1013.4,1013.3,1019.2,1022.4,1012.0,1012.8,1016.5,1016.0,1014.0,1023.7,1019.9,1012.1,1015.5,1016.1,1019.5,1011.9,1013.1,1013.9,1014.6,1018.7,1013.3,1013.8,1020.7,1016.7,1012.6,1016.3,1019.7,1016.0,1022.3,1016.0,1015.8,1012.4,1013.4,1012.4,1016.1,1021.0,1024.1,1017.3,1013.9
2024-06-30 13:10,1013.2,1016.9,1014.5,1013.6,1012.8,1014.5,1017.2,1013.0,1014.5,1012.1,1013.0,1013.0,1015.9,1015.0,1014.6,1013.7,1012.6,1019.2,,1017.7,1016.5,1019.2,1023.0,1021.6,1014.2,1016.9,1013.5,1015.3,1015.8,1019.5,1014.8,1015.4,1015.7,1013.9,1013.8,1013.6,1013.0,1018.2,1012.8,1021.1,1012.6,1013.7,1017.1,1019.2,1015.1,1023.6,1017.4,1024.1,1013.0,1013.7,1012.1,1021.1,1018.6,1013.0,1014.4,1015.6,1021.7,1014.7,1013.5,1026.0,1015.5,1019.2,1018.3,1015.0,1015.1,1015.0,1018.3,1013.4,1014.5,1013.1,1012.2,1013.9,1017.2,1012.8,1017.0,1013.3,1013.4,1018.0,1012.9,1014.5,1018.2,1018.6,1017.6,1013.6,1012.6,1013.2,1014.9,1014.7,1013.9,1025.5,1015.4,1013.7,1026.8,1013.9,1013.9,1015.3,1017.7,,1013.5,1013.6,1019.6,1022.7,1012.2,1013.0,1016.7,1016.3,1014.4,1024.0,1020.0,1012.2,1015.6,1016.4,1019.9,1012.2,1013.3,1014.0,1014.8,1018.9,1013.4,1014.5,1021.0,1016.8,1013.0,1016.5,1019.9,1016.1,1022.4,1016.4,1016.0,1013.1,1013.9,1012.4,1016.2,1021.2,1024.4,1017.6,1013.8
2024-06-30 14:30,1013.2,1017.6,1015.3,1014.1,1012.8,1014.1,1017.2,1014.1,1014.8,1013.6,1012.6,1013.0,1016.6,1015.5,1015.2,1014.0,1013.5,1019.4,,1018.3,1017.0,1019.3,1023.4,1021.7,1014.7,1017.2,1013.9,1015.6,1016.3,1019.8,1015.7,1015.9,1016.1,1014.2,1013.7,1014.1,1013.1,1018.4,1013.5,1021.2,1012.7,1014.1,1017.9,1019.8,1015.7,1024.1,1018.2,1024.5,1012.8,1013.8,1012.1,1021.4,1019.1,1014.5,1014.9,1016.0,1021.8,1015.2,1013.5,1026.3,1016.1,1019.3,1018.3,1015.1,1015.8,1015.0,1018.4,1013.7,1014.5,1013.1,1013.0,1014.3,1017.1,1013.2,1016.6,1013.9,1013.7,1018.1,1013.3,1014.2,1018.8,1018.8,1018.0,1013.7,1013.1,1014.5,1014.9,1015.3,1014.1,1025.9,1015.7,1013.4,1027.2,1014.5,1014.2,1015.7,1018.1,,1013.9,1013.5,1019.5,1022.9,1013.6,1013.4,1017.4,1015.8,1014.5,1024.2,1020.3,1013.2,1015.8,1017.2,1020.6,1013.5,1013.1,1014.9,1015.5,1019.1,1013.8,1014.7,1021.0,1017.4,1013.2,1017.0,1020.2,1015.9,1022.9,1017.1,1016.2,1013.3,1014.8,1013.4,1016.2,1021.5,1024.6,1018.0,1014.0
2024-06-30 15:10,1013.9,1017.6,1015.6,1014.5,1013.0,1013.9,1017.8,1014.8,1015.3,1014.1,1012.6,1013.1,1016.9,1016.2,1015.6,1014.6,1014.0,1019.4,,1018.6,1017.5,1019.3,1023.5,1022.0,1015.1,1017.1,1014.4,1015.9,1016.5,1020.1,1016.4,1016.3,1016.4,1014.5,1014.1,1014.6,1013.0,1018.6,1013.9,1021.6,1013.0,1014.7,1018.2,1020.0,1016.1,1024.4,1018.4,1024.9,1012.9,1014.2,1012.1,1021.5,1019.3,1015.0,1015.4,1016.3,1022.1,1015.8,1014.1,1026.5,1016.4,1019.4,1018.1,1015.4,1016.0,1015.0,1018.6,1013.9,1014.7,1013.1,1013.3,1014.7,1017.3,1013.5,1016.8,1014.1,1014.0,1018.3,1014.2,1014.2,1018.7,1019.1,1018.1,1014.1,1012.9,1015.2,1015.6,1015.5,1014.4,1026.3,1016.2,1013.4,1027.4,1015.0,1014.6,1016.0,1018.4,,1014.3,1013.7,1019.5,1022.9,1014.1,1013.8,1018.0,1016.1,1014.5,1024.6,1020.6,1013.9,1016.1,1017.7,1020.8,1014.1,1013.1,1015.3,1015.8,1019.2,1014.3,1015.2,1021.0,1017.8,1013.5,1017.6,1020.6,1016.0,1022.9,1017.7,1016.1,1013.4,1015.2,1013.6,1016.2,1021.8,1025.0,1017.7,1014.1
2024-06-30 16:20,1014.5,1018.2,1016.1,1014.9,1013.4,1014.2,1018.2,1015.4,1015.8,1014.6,1012.5,1013.8,1016.9,1016.8,1016.2,1014.9,1014.7,1019.0,,1018.6,1017.7,1019.3,1023.8,1022.2,1015.5,1017.4,1014.9,1016.5,1017.0,1020.2,1016.7,1016.7,1016.3,1015.0,1014.7,1015.3,1012.9,1018.7,1014.7,1021.8,1013.6,1015.0,1018.4,1020.0,1016.5,1024.5,1018.4,1025.2,1012.6,1014.8,1012.0,1021.6,1019.2,1015.8,1015.7,1016.2,1022.2,1016.1,1015.0,1026.7,1016.6,1019.7,1018.2,1016.0,1016.8,1014.4,1018.6,1013.7,1015.2,1012.8,1014.0,1015.2,1017.3,1014.0,1016.8,1014.7,1014.5,1018.3,1014.9,1014.3,1018.6,1019.3,1018.5,1014.9,1013.5,1015.6,1016.2,1015.9,1014.8,1026.3,1016.6,1014.0,1027.8,1015.4,1015.0,1016.1,1018.4,,1014.9,1014.1,1019.6,1023.1,1014.7,1014.3,1018.1,1016.1,1015.0,1024.8,1021.1,1014.3,1016.7,1018.0,1021.0,1014.7,1012.9,1015.8,1016.1,1019.2,1014.9,1015.8,1020.9,1018.4,1013.6,1017.8,1020.9,1016.1,1023.2,1017.9,1016.2,1014.1,1015.9,1014.3,1015.8,1021.6,1025.2,1018.4,1013.5
2024-06-30 17:10,,,1016.0,,,,1018.4,1015.5,,1014.7,,,1017.1,1016.9,1016.1,1014.9,1014.8,,,1019.0,1018.0,1019.2,1023.6,1022.1,1015.7,1017.8,1015.1,1016.6,,1020.2,,1016.8,1016.4,1015.1,1014.9,1015.3,,,,1021.8,1014.4,1015.1,,1020.2,1016.9,1024.5,1018.4,,1012.4,,1011.6,1021.5,,,1015.9,1016.3,1022.1,,1015.3,1026.5,1016.4,1019.4,1018.2,,,,1018.4,,,,,,,,,,,,,1014.0,,1019.1,1018.7,1015.0,1014.0,1016.1,1016.5,1015.6,1015.0,1026.4,,1014.1,1027.7,1015.7,1015.0,1016.2,1018.3,,,,,,,1014.4,1018.2,1016.6,,1024.6,,1014.5,1016.9,1018.0,,1014.9,1012.6,1015.9,1015.8,1019.1,1015.1,1015.9,1020.9,1018.6,,1017.7,1020.9,1015.6,,,,,1016.1,,,1021.9,1025.4,,
2024-06-30 18:20,1015.4,1018.5,1016.0,1015.1,1014.5,1014.5,1018.6,1015.9,1016.0,1015.3,1011.8,1015.1,1017.2,1017.1,1016.1,1015.2,1015.3,1019.1,,1019.1,1018.0,1019.1,1023.8,1022.2,1015.8,1018.1,1015.5,1017.2,1017.3,1020.3,1017.1,1016.8,1016.3,1015.7,1015.1,1015.4,1012.1,1018.4,1015.3,1021.8,1014.9,1015.4,1018.5,1020.3,1017.0,1024.6,1018.6,1025.2,1012.2,1015.6,1011.2,1021.5,1019.4,1016.0,1015.9,1016.3,1021.9,1016.0,1015.7,1026.5,1016.4,1019.3,1018.1,1016.7,1017.3,1014.4,1018.3,1013.7,1016.0,1012.3,1014.7,1015.7,,1014.3,1016.5,1015.3,1015.7,1018.6,1015.5,1013.7,1019.2,1018.9,1019.2,1015.7,1014.4,1016.2,1016.6,1015.8,1015.6,1026.4,1016.9,1014.7,1027.7,1015.7,1015.5,1016.7,1018.4,,1015.6,1015.1,1019.3,1023.1,1015.3,1014.8,1018.4,1016.7,1015.7,1024.8,1021.3,1015.0,1017.2,1017.8,1021.0,1015.2,1012.4,1016.3,1016.1,1018.9,1015.7,1015.9,1020.7,1018.8,1014.4,1017.7,1021.2,1015.5,1023.2,1018.1,1015.9,1014.7,1016.5,1015.1,1015.6,1021.4,1025.5,1018.6,1013.4
2024-06-30 19:10,1015.9,1018.5,1016.1,1015.7,1015.1,1015.5,1018.9,1016.4,1016.2,1015.9,1011.8,1015.5,1017.0,1017.1,1016.1,1015.5,1015.8,1019.6,,1019.5,1018.4,1019.1,1023.6,1022.6,1015.8,1018.4,1015.9,1017.6,1017.8,1020.4,1017.5,1016.9,1016.1,1016.2,1015.6,1015.8,1012.2,1018.5,1015.6,1022.1,1015.1,1015.7,1018.7,1020.5,1017.2,1024.6,1018.7,1025.2,1012.0,1016.0,1011.2,1021.6,1019.3,1016.4,1016.0,1016.2,1022.2,1016.2,1016.2,1026.8,1016.4,1019.4,1018.3,1017.2,1017.5,1015.0,1018.3,1013.8,1016.6,1012.1,1015.0,1016.0,,1014.9,1016.6,1015.8,1016.3,1018.7,1015.9,1013.8,1019.6,1019.0,1019.0,1016.1,1014.9,1016.5,1017.0,1015.9,1015.9,1026.3,1017.2,1015.2,1027.8,1016.0,1015.7,1016.8,1018.4,,1015.9,1015.7,1019.7,1023.3,1015.8,1015.2,1018.2,1017.2,1016.2,1024.8,1021.6,1015.5,1017.7,1018.3,1021.4,1015.7,1012.3,1016.8,1016.1,1018.7,1016.1,1016.0,1021.1,1019.1,1014.9,1017.9,1021.4,1015.7,1023.6,1018.4,1016.2,1015.1,1016.9,1015.6,1015.9,1022.0,1025.6,1019.3,1013.5
2024-06-30 20:20,1016.4,1019.0,1016.1,1016.3,1015.7,1015.9,1019.3,1016.9,1016.3,1016.3,1012.0,1016.1,1017.3,1017.2,1016.2,1016.1,1016.3,1019.6,,1019.6,1018.2,1018.8,1023.8,1022.7,1016.0,1018.9,1016.3,1017.9,1018.2,1020.7,1017.7,1017.1,1016.2,1016.6,1016.2,1015.9,1012.2,1018.6,1016.3,1022.2,1015.6,1016.1,1019.1,1020.3,1017.3,1024.8,1018.9,1025.3,1011.9,1016.2,1011.2,1021.5,1019.7,1017.2,1016.2,1016.2,1021.9,1016.6,1016.5,1026.5,1016.4,1019.2,1018.2,1017.5,1017.6,1015.9,1018.1,1014.2,1017.1,1012.1,1015.6,1016.2,,1015.3,1016.3,1016.1,1016.6,1018.9,1016.4,1013.7,1019.8,1019.4,1019.3,1016.5,1015.1,1017.1,1017.4,1016.0,1016.1,1026.3,1017.7,1015.8,1028.1,1016.2,1016.1,1017.1,1018.6,,1016.4,1016.3,1019.6,1023.6,1016.2,1015.7,1018.4,1017.6,1016.9,1024.9,1021.8,1016.1,1018.4,1018.7,1021.6,1016.4,1012.2,1017.1,1016.6,1018.6,1016.5,1016.2,1021.3,1019.3,1015.9,1018.0,1021.7,1016.0,1023.3,1018.4,1016.0,1015.6,1017.3,1016.3,1016.1,1022.1,1025.6,1019.4,1014.0
2024-07-01 08:20,1017.3,1019.4,1017.0,1017.4,1016.9,1017.6,1019.6,1017.2,1017.7,1017.2,1012.7,1017.1,1018.0,1018.3,1017.1,1017.6,1017.3,1020.2,,1019.6,1018.8,1018.2,1022.7,1022.1,1017.3,1019.5,1017.7,1018.4,1019.0,1020.8,1017.8,1017.8,1017.0,1017.7,1017.5,1017.4,1012.9,1019.4,1017.2,1021.7,1017.0,1017.8,1019.3,1020.3,1018.2,1023.6,1018.9,1024.0,1012.5,1017.9,1012.1,1020.6,1020.2,1017.6,1017.5,1017.2,1021.3,1017.7,1017.6,1025.2,1017.4,1019.0,1019.0,1018.1,1018.3,1018.0,1018.7,1016.6,1018.0,1012.6,1017.1,1018.0,1018.6,1017.5,1015.8,1017.3,1017.6,1019.5,1017.5,1014.0,1020.0,1019.7,1019.2,1017.8,1017.0,1017.6,1018.4,1017.1,1017.9,1024.8,1018.4,1017.4,1026.1,1017.5,1017.7,1018.1,1019.3,,1017.6,1017.4,1019.5,1022.9,1017.3,1017.5,1019.0,1018.6,1017.7,1023.7,1021.3,1017.2,1018.7,1019.1,1021.1,1017.2,1012.9,1017.9,1017.3,1017.9,1017.6,1017.5,1021.6,1019.5,1017.3,1018.3,1021.2,1015.7,1022.7,1018.7,1016.1,1017.3,1017.9,1017.3,1017.5,1021.9,1024.1,1019.7,1016.8
2024-07-01 09:10,1017.6,1019.5,1017.1,1017.5,1017.1,1017.6,1019.7,1017.2,1017.9,1017.4,1012.5,1017.3,1018.1,1018.4,1017.1,1018.1,1017.5,1020.4,,1019.9,1019.1,1018.5,1023.1,1022.5,1017.4,1019.7,1017.9,1018.7,1019.1,1020.7,1017.8,1018.2,1017.3,1017.8,1017.8,1017.4,1012.9,1019.5,1017.4,1021.8,1017.0,1018.1,1019.3,1020.7,1018.5,1023.8,1019.3,1024.1,1012.9,1018.1,1012.3,1020.8,1020.1,1017.8,1017.6,1017.4,1021.6,1017.9,1018.0,1025.3,1017.5,1019.0,1019.2,1018.6,1018.6,1018.0,1018.7,1016.7,1018.2,1013.0,1017.2,1018.3,1018.8,1017.4,1015.7,1017.4,1018.1,1019.6,1017.8,1013.9,1020.5,1019.9,1019.7,1018.1,1017.3,1017.5,1018.5,1017.1,1018.2,1024.8,1018.5,1017.7,1025.9,1017.6,1018.1,1018.3,1019.4,,1017.7,1017.9,1019.5,1022.9,1017.5,1017.8,1019.1,1019.0,1018.1,1023.8,1021.7,1017.3,1019.0,1019.1,1021.3,1017.2,1013.0,1018.2,1017.6,1018.3,1018.0,1017.7,1021.6,1019.9,1017.4,1018.5,1021.4,1015.7,1022.9,1019.1,1015.9,1017.4,1018.1,1017.4,1017.5,1022.0,1024.4,1020.0,1017.0
2024-07-01 10:20,1017.3,1019.9,1017.1,1017.7,1017.1,1017.4,1019.9,1017.1,1017.9,1017.3,1012.6,1017.3,1018.2,1018.5,1017.4,1018.1,1017.3,1020.1,,1020.4,1019.3,1018.6,1023.0,1022.3,1017.5,1019.6,1017.9,1019.1,1019.2,1020.7,1018.1,1018.5,1017.1,1018.1,1017.8,1017.5,1012.6,1019.6,1017.3,1021.9,1017.1,1018.2,1019.7,1020.8,1018.5,1023.8,1019.6,1024.2,1012.9,1018.3,1012.4,1021.0,1020.1,1017.7,1017.7,1017.5,1021.3,1018.0,1017.8,1025.3,1017.7,1018.7,1018.7,1018.9,1018.8,1018.0,1018.0,1016.5,1018.2,1013.0,1017.1,1018.4,1019.0,1017.6,1015.6,1017.3,1018.0,1019.8,1017.5,1013.7,1020.4,1020.5,1019.9,1018.0,1017.1,1017.6,1018.3,1016.8,1018.3,1025.1,1018.6,1017.7,1026.2,1017.6,1018.1,1018.0,1019.4,,1017.7,1018.1,1019.1,1022.9,1017.3,1017.6,1019.0,1019.0,1018.4,1024.0,1021.8,1017.2,1018.9,1019.3,1021.7,1017.2,1013.1,1018.2,1017.7,1018.4,1017.9,1017.8,1021.6,1019.9,1017.6,1019.0,1021.4,1015.9,1022.8,1019.4,1015.3,1017.4,1018.1,1017.3,1017.7,1022.3,1024.4,1020.0,1016.9
2024-07-01 11:20,1017.4,1019.8,1016.6,1017.8,1017.2,1017.5,1019.7,1017.2,1017.9,1017.3,1013.2,1017.5,1018.1,1018.2,1017.2,1018.2,1017.3,1019.6,,1020.4,1019.3,1018.3,1023.1,1022.3,1017.5,1019.8,1017.8,1019.0,1019.2,1020.8,1018.3,1018.2,1017.1,1018.2,1017.9,1017.4,1013.6,1019.5,1017.3,1021.9,1017.0,1018.2,1019.5,1020.9,1018.6,1023.7,1019.6,1024.4,1012.7,1018.2,1012.2,1020.9,1020.1,1017.8,1017.6,1017.3,1020.9,1017.8,1017.9,1025.2,1017.4,1019.1,1018.1,1018.9,1018.8,1017.6,1018.4,1016.2,1018.3,1012.9,1017.0,1018.2,1018.9,1017.4,1015.5,1017.4,1018.0,1019.3,1017.6,1014.4,1020.4,1020.2,1019.7,1018.1,1016.8,1017.4,1018.5,1016.7,1018.4,1025.1,1018.5,1017.4,1026.1,1017.5,1018.2,1017.8,1019.4,,1017.9,1018.0,1018.5,1023.1,1017.3,1017.6,1018.7,1018.7,1018.5,1024.0,1021.6,1017.2,1019.1,1019.2,1021.6,1017.3,1013.0,1018.3,1017.4,1018.3,1017.7,1017.6,1021.5,1020.0,1017.4,1018.6,1021.5,1015.7,1022.5,1019.2,1015.1,1017.3,1018.2,1017.3,1017.1,1022.1,1024.6,1019.8,1016.3
2024-07-01 12:20,1017.3,1019.9,1016.7,1017.9,1017.1,1017.6,1019.5,1017.1,1017.9,1017.0,1013.0,1017.3,1018.3,1018.2,1017.2,1017.8,1017.1,1019.2,,1020.5,1019.5,1018.6,1023.1,1022.3,1017.4,1019.6,1017.7,1019.0,1019.3,1020.8,1018.2,1018.4,1017.2,1018.1,1018.0,1017.3,1013.6,1019.4,1017.1,1021.9,1016.9,1018.0,1019.8,1021.2,1018.6,1024.1,1019.7,1024.6,1012.3,1018.1,1012.3,1021.0,1020.0,1017.5,1017.6,1017.5,1020.6,1017.7,1017.8,1024.5,1017.5,1019.2,1018.1,1018.7,1018.8,1017.3,1018.3,1015.8,1018.3,1012.3,1017.0,1018.3,1018.7,1017.3,1017.9,1017.2,1017.9,1019.0,1017.4,1014.3,1020.1,1019.9,1020.2,1017.9,1016.8,1017.5,1018.8,1016.6,1018.3,1025.1,1018.6,1017.1,1026.2,1017.5,1018.0,1017.5,1019.4,,1017.8,1017.9,1019.3,1023.1,1017.0,1017.4,1018.8,1018.4,1018.4,1024.0,1021.7,1016.9,1019.4,1019.4,1021.9,1017.0,1013.1,1018.3,1017.4,1018.2,1017.6,1017.6,1021.4,1020.1,1017.5,1018.6,1021.7,1015.4,1022.9,1019.5,1015.2,1017.3,1017.9,1017.0,1016.6,1022.3,1024.6,1019.9,1016.0
2024-07-01 13:10,1017.0,1019.5,1016.6,1017.8,1016.8,1017.3,1019.4,1016.8,1017.6,1016.6,1012.3,1016.8,1018.0,1017.9,1017.1,1017.8,1016.8,1019.2,,1020.4,1019.3,1018.0,1023.0,1022.3,1017.1,1019.1,1017.3,1018.9,1019.4,1020.7,1017.8,1018.2,1017.1,1018.0,1017.8,1017.0,1013.2,1018.9,1016.8,1021.8,1016.6,1017.6,1019.4,1021.2,1018.4,1024.1,1019.6,1024.6,1011.6,1018.0,1011.7,1020.6,1019.9,1017.1,1017.1,1017.3,1021.2,1017.4,1017.5,1024.9,1017.5,1018.8,1019.3,1018.7,1018.8,1016.7,1017.8,1015.2,1018.1,1011.8,1016.6,1018.1,1018.4,1017.3,1016.8,,1017.6,1018.7,1017.1,1013.7,1020.0,1019.5,1019.9,1017.7,1016.7,1017.2,1018.4,1016.6,1018.3,1024.9,1018.8,1016.8,1026.2,1017.3,1018.0,1017.2,1019.1,,1017.5,1017.7,1019.9,1022.8,1016.7,1017.4,1018.6,1018.1,1018.1,1023.8,1021.6,1016.5,1019.1,1019.1,1021.9,1016.7,1012.3,1018.1,1017.1,1017.7,1017.4,1017.3,1021.0,1020.2,1017.2,1018.7,1021.8,1014.8,1022.8,1019.5,1015.9,1017.3,1017.6,1016.7,1016.3,1022.1,1024.7,1019.8,1015.0
2024-07-01 14:40,1016.2,1019.5,1016.2,1017.1,1015.8,1016.6,1019.4,1015.8,1016.7,1015.8,1010.8,1016.0,1017.7,1017.5,1016.5,1017.2,1015.9,1019.1,,1020.3,1018.9,1017.3,1023.0,1021.4,1016.4,1019.0,1016.5,1018.0,1018.9,1020.3,1016.9,1017.4,1016.7,1017.2,1017.2,1016.1,1011.1,1018.4,1015.9,1021.7,1015.7,1017.0,1019.0,1021.2,1017.5,1024.1,1018.9,1024.6,1011.0,1016.7,1010.1,1020.2,1019.7,1016.2,1016.5,1016.8,1020.7,1016.7,1016.5,1024.5,1016.9,1018.0,1018.4,1017.8,1017.8,1016.5,1017.2,1014.2,1017.3,1010.9,1015.5,1017.2,1017.7,1016.6,1015.4,1016.1,1016.6,1018.5,1016.0,1012.8,1019.8,1019.3,1019.6,1016.7,1016.1,1016.3,1018.4,1016.5,1017.3,1024.9,1018.4,1016.4,1025.9,1016.4,1017.4,1017.7,1018.9,,1016.6,1016.5,1018.9,1022.4,1015.8,1016.8,1018.7,1017.8,1017.1,1023.8,1021.4,1015.6,1018.5,1018.6,1021.9,1015.8,1011.0,1017.4,1016.4,1017.1,1016.4,1016.5,1021.0,1019.6,1016.2,1018.2,1021.5,1014.9,1022.3,1018.9,1015.8,1016.3,1016.9,1015.8,1016.6,1021.8,1024.4,1019.4,1014.3
2024-07-01 15:20,1016.0,1019.4,1016.2,1016.6,1015.5,1016.3,1019.3,1015.4,1016.4,1015.4,1010.5,1015.8,1017.3,1017.3,1016.4,1016.8,1015.5,1019.0,,1020.3,1018.6,1017.4,1023.0,1021.2,1016.0,1018.9,1016.2,1017.7,1018.4,1020.2,1017.2,1017.2,1016.4,1016.6,1017.0,1015.8,1010.7,1018.2,1015.6,1021.6,1015.5,1016.8,1019.0,1021.2,1017.3,1024.0,1018.8,1024.6,1011.2,1016.4,1010.0,1020.0,1019.3,1015.8,1016.3,1016.5,1020.4,1016.4,1016.2,1024.5,1016.7,1018.0,1018.0,1017.4,1017.5,1016.3,1017.3,1014.2,1017.0,1011.2,1015.4,1016.9,1017.4,1016.3,1015.4,1015.8,1016.3,1017.9,1015.9,1012.2,1019.6,1019.1,1019.5,1016.3,1016.0,1015.9,1018.3,1016.1,1016.8,1024.8,1018.0,1016.4,1025.8,1016.2,1016.9,1017.4,1018.8,,1016.5,1016.0,1018.6,1022.2,1015.4,1016.5,1018.3,1017.7,1016.8,1023.6,1021.3,1015.3,1018.4,1018.5,1021.8,1015.3,1011.1,1017.1,1016.1,1017.3,1016.1,1016.3,1020.7,1019.4,1015.8,1018.0,1021.4,1014.6,1022.2,1018.7,1015.7,1016.0,1016.6,1015.5,1016.9,1021.8,1024.3,1019.2,1014.3
2024-07-01 16:20,1015.7,1019.3,1015.8,1016.0,1015.1,1016.9,1018.9,1016.0,1016.3,1015.2,1009.7,1015.5,1017.3,1017.1,1016.1,1016.6,1015.4,1018.9,1011.1,1019.6,1018.6,1017.2,1022.7,1021.3,1016.0,1018.9,1016.1,1017.6,1018.2,1020.3,1018.3,1016.9,1016.1,1016.5,1016.1,1015.7,1010.9,1018.0,1015.4,1021.4,1015.1,1016.7,1019.9,1021.1,1017.3,1023.8,1019.3,1024.5,1010.8,1016.2,1009.9,1020.0,1019.4,1015.6,1016.3,1016.2,1020.4,1016.2,1016.0,1024.3,1016.5,1018.4,1018.2,1017.3,1017.5,1016.6,1017.0,1013.9,1016.8,1010.6,1014.9,1016.7,1017.6,1015.6,1015.1,1015.6,1016.1,1018.0,1015.6,1011.9,1019.8,1019.3,1019.2,1016.0,1015.8,1016.9,1017.8,1016.4,1016.4,1024.5,1017.7,1016.4,1025.7,1016.0,1016.7,1017.2,1018.6,,1016.1,1015.7,1018.6,1022.2,1015.2,1015.9,1018.3,1017.8,1016.7,1023.4,1021.3,1015.1,1018.2,1019.3,1021.9,1015.2,1010.8,1017.0,1016.1,1016.8,1016.0,1016.0,1020.7,1019.6,1015.5,1017.8,1021.5,1014.9,1022.0,1018.6,1015.6,1015.5,1016.6,1015.3,1017.1,1021.8,1024.3,1019.4,1013.7
2024-07-01 17:20,1015.4,1019.4,1015.6,1016.0,1014.8,1016.4,1018.7,1016.9,1016.3,1015.4,1009.6,1015.1,1017.1,1017.0,1015.8,1016.5,1016.0,1019.0,1011.1,1019.0,1018.5,1016.9,1022.7,1021.7,1016.4,1019.0,1015.8,1017.6,1018.3,1020.4,1018.2,1017.3,1015.7,1016.5,1016.2,1016.6,1010.1,1018.0,1016.1,1021.2,1014.6,1016.6,1019.9,1020.8,1017.0,1024.1,1019.5,1024.6,1010.3,1016.0,1009.8,1019.7,1019.3,1017.1,1016.5,1016.2,1019.8,1016.9,1015.8,1023.8,1016.6,1017.9,1018.0,1017.2,1017.3,1016.7,1017.0,1014.5,1016.6,1010.3,1014.8,1016.4,1017.6,1015.5,1015.4,1016.2,1015.8,1018.3,1015.4,1011.7,1019.9,1019.0,1018.7,1015.8,1015.4,1017.6,1017.2,1016.0,1016.2,1024.7,1017.4,1016.0,1025.7,1016.3,1016.5,1018.0,1018.8,,1016.0,1015.5,1018.4,1022.0,1015.4,1015.7,1018.1,1017.8,1016.3,1023.4,1021.2,1015.6,1018.1,1019.5,1021.8,1015.7,1010.2,1016.8,1016.5,1016.4,1015.7,1016.5,1020.5,1019.5,1015.3,1018.3,1021.7,1014.5,1022.0,1018.3,1014.1,1015.3,1017.7,1015.3,1016.7,1021.9,1024.3,1019.3,1014.4
2024-07-01 18:20,1015.6,1019.0,1015.8,1015.6,1014.4,1015.8,1018.7,1016.8,1016.8,1016.0,1009.2,1015.4,1017.2,1018.0,1016.3,1015.8,1016.1,1019.1,1010.5,1018.9,1018.4,1016.3,1022.1,1020.9,1015.4,1018.4,1016.6,1017.0,1017.9,1020.3,1017.7,1017.8,1016.2,1015.8,1015.8,1015.7,1009.7,1018.0,1015.8,1020.9,1015.6,1016.1,1019.5,1020.6,1017.4,1023.7,1019.2,1024.2,1009.7,1015.8,1008.9,1019.3,1019.3,1016.8,1015.8,1016.5,1020.3,1017.1,1015.8,1023.8,1016.4,1017.6,1018.1,1016.6,1016.8,1016.4,1016.6,1014.1,1016.3,1009.7,1015.9,1017.2,1017.0,1015.2,1015.0,1016.4,1015.3,1018.3,1015.8,1011.6,1019.3,1018.9,1018.0,1016.0,1015.0,1017.2,1017.5,1015.7,1015.7,1024.0,1017.1,1015.5,1025.1,1016.6,1015.9,1017.5,1018.5,,1016.7,1015.0,1018.4,1021.9,1015.9,1015.4,1018.3,1017.5,1015.9,1022.8,1020.7,1016.1,1017.7,1019.1,1021.6,1016.1,1009.8,1016.7,1016.7,1016.1,1016.4,1016.4,1020.5,1019.2,1014.7,1018.2,1021.3,1015.0,1021.6,1019.0,1014.8,1014.8,1017.2,1016.2,1016.6,1021.6,1024.0,1018.8,1013.8
2024-07-01 19:20,1016.3,1019.4,1015.9,1015.7,1016.3,1016.3,1018.5,1016.4,1017.0,1016.1,1010.0,1016.2,1017.3,1018.4,1016.4,1016.5,1016.3,1019.4,1011.0,1018.9,1018.6,1016.9,1022.4,1021.3,1016.4,1019.1,1016.8,1018.0,1017.4,1020.2,1017.8,1017.7,1016.2,1016.8,1015.5,1016.2,1010.2,1018.0,1016.1,1020.8,1015.8,1017.6,1019.4,1020.6,1017.9,1023.6,1019.3,1024.0,1010.0,1016.8,1009.2,1019.7,1019.3,1016.8,1016.7,1016.3,1020.4,1017.0,1016.5,1024.0,1016.6,1018.0,1018.2,1017.7,1018.1,1017.4,1016.9,1014.0,1017.3,1010.2,1015.9,1017.9,1016.9,1014.9,1015.4,1016.5,1016.8,1018.6,1016.4,1012.1,1020.0,1018.7,1019.3,1016.8,1015.1,1016.9,1016.8,1016.3,1016.0,1024.5,1016.8,1015.8,1024.9,1016.7,1016.1,1017.4,1018.5,,1016.5,1016.2,1018.5,1022.2,1016.2,1015.1,1018.9,1017.6,1017.0,1022.8,1020.6,1016.3,1018.0,1018.9,1021.4,1016.1,1010.2,1017.1,1016.8,1016.5,1016.8,1016.6,1021.0,1019.4,1015.6,1018.3,1021.0,1014.9,1021.9,1018.9,1014.6,1014.7,1017.2,1016.2,1017.1,1021.6,1023.6,1019.4,1013.7
2024-07-01 20:20,1017.2,1020.1,1016.6,1017.0,1016.9,1016.5,1019.3,1017.0,1017.6,1016.7,1010.5,1017.1,1018.0,1018.8,1017.0,1018.0,1017.0,1020.0,1011.9,1018.9,1019.3,1017.5,1022.9,1021.7,1017.3,1019.1,1017.5,1019.0,1019.1,1020.8,1018.1,1018.0,1017.3,1018.1,1017.4,1017.1,1011.0,1018.6,1017.0,1021.3,1016.8,1018.3,1019.7,1020.8,1018.6,1024.0,1019.6,1024.5,1010.6,1017.6,1009.8,1020.0,1020.0,1017.3,1017.2,1017.3,1020.8,1017.4,1017.6,1024.0,1017.2,1018.7,1019.0,1018.7,1019.0,1017.6,1017.6,1015.4,1018.2,1010.6,1016.8,1018.3,1018.0,1017.0,1016.1,1016.9,1017.6,1018.6,1017.1,1012.7,1019.9,1020.3,1019.7,1017.7,1015.2,1017.4,1018.1,1016.9,1017.7,1024.8,1017.8,1016.2,1025.4,1017.3,1017.9,1018.0,1019.3,,1017.6,1017.4,1019.3,1022.3,1016.7,1017.2,1019.3,1018.1,1018.0,1023.3,1021.3,1017.0,1019.1,1019.3,1021.8,1016.6,1010.7,1017.8,1017.3,1017.0,1017.5,1017.2,1021.1,1020.2,1017.4,1018.5,1021.5,1015.5,1022.3,1019.2,1015.1,1017.2,1017.7,1016.9,1017.3,1021.8,1023.9,1019.3,1015.4
2024-07-02 08:20,1018.6,1019.9,1018.1,1018.3,1018.2,1018.1,1019.4,1018.5,1018.6,1018.6,1012.5,1018.4,1018.8,1019.0,1018.1,1018.5,1018.6,1019.4,1013.0,1020.0,1019.6,1016.8,1021.6,1020.7,1018.4,1019.3,1018.8,1019.2,1019.8,1020.2,1019.4,1018.9,1018.4,1018.8,1018.5,1018.5,1012.9,1018.8,1018.5,1020.3,1018.4,1018.6,1020.0,1020.6,1019.0,1022.1,1019.7,1022.5,1011.3,1018.8,1011.5,1018.9,1019.8,1018.9,1018.4,1018.3,1019.8,1018.6,1018.7,1022.1,1018.4,1018.5,1018.7,1019.1,1019.4,1018.2,1016.5,1017.1,1018.9,1011.1,1018.4,1018.9,1018.7,1018.4,1016.8,1018.5,1018.7,1018.9,1018.7,1013.9,1019.8,1019.3,1019.9,1018.9,1017.8,1019.0,1019.0,1017.8,1018.9,1023.2,1018.5,1018.2,1023.8,1018.6,1018.5,1018.6,1019.1,1018.5,1018.8,1018.3,1018.9,1021.1,1018.6,1018.5,1019.3,1019.1,1018.8,1021.6,1020.8,1018.5,1019.6,1019.7,1021.0,1018.6,1012.2,1019.0,1018.5,1016.1,1018.9,1018.5,1020.1,1020.0,1018.4,1019.2,1020.8,1016.1,1020.8,1019.6,1015.2,1018.1,1018.9,1018.6,1017.3,1020.7,1022.5,1019.9,1017.0
2024-07-02 09:20,1018.5,1019.9,1018.0,1018.2,1018.2,1017.7,1019.5,1018.6,1018.8,1018.5,1012.0,1018.4,1019.0,1019.0,1018.1,1018.6,1018.6,1019.5,1012.7,1020.3,1019.7,1017.2,1021.7,1020.7,1018.4,1019.3,1018.8,1019.4,1019.8,1020.0,1019.4,1019.0,1018.5,1018.9,1018.6,1018.6,1012.6,1019.1,1018.5,1020.6,1018.4,1018.6,1020.2,1020.7,1019.0,1022.3,1019.9,1022.7,1011.5,1019.0,1011.3,1019.2,1019.5,1018.9,1018.5,1018.4,1019.9,1018.7,1018.7,1022.1,1018.5,1018.4,1018.7,1019.2,1019.5,1018.1,1016.9,1016.6,1018.9,1011.3,1018.5,1019.0,,1018.4,1016.6,1018.7,1018.7,1018.7,1018.7,1013.8,1019.6,1018.9,1020.3,1019.0,1017.8,1019.0,1019.0,1017.9,1018.9,1023.4,1018.5,1018.1,1024.1,1018.7,1018.6,1018.7,1019.2,1018.6,1018.9,1018.5,1018.7,1021.1,1018.5,1018.6,1019.2,1019.1,1018.8,1021.7,1020.9,1018.6,1019.6,1019.9,1021.1,1018.6,1012.1,1019.1,1018.7,1016.4,1018.9,1018.5,1020.2,1020.1,1018.5,1019.3,1021.0,1015.9,1021.0,1019.7,1015.2,1018.3,1019.0,1018.7,1017.7,1020.9,1022.5,1019.8,1016.9
2024-07-02 10:20,1018.4,1019.9,1017.9,1018.0,1018.2,1017.4,1019.5,1018.3,1018.5,1018.3,1011.6,1018.4,1018.9,1018.7,1018.1,1018.6,1018.3,1019.1,1012.1,1020.3,1019.6,1017.1,1021.3,1020.7,1018.2,1019.2,1018.6,1019.3,1019.5,1020.0,1019.2,1018.8,1018.2,1018.8,1018.2,1018.2,1011.9,1018.5,1018.3,1020.7,1018.2,1018.6,1020.2,1020.7,1019.0,1022.4,1019.9,1023.0,1011.2,1018.8,1010.6,1019.2,1019.7,1018.6,1018.3,1018.2,1019.7,1018.4,1018.7,1022.1,1018.3,1018.3,1018.2,1019.2,1019.4,1017.3,1016.5,1016.0,1018.9,1011.1,1018.2,1018.9,1018.2,1018.3,1016.1,1018.4,1018.7,1018.1,1018.5,1013.5,1019.5,1019.0,1020.2,1018.8,1017.7,1018.6,1019.0,1017.6,1018.9,1023.0,1018.3,1017.8,1024.2,1018.5,1018.5,1018.3,1019.2,1018.7,1018.8,1018.3,1018.5,1021.1,1018.3,1018.4,1019.1,1018.7,1018.7,1021.8,1021.1,1018.2,1019.6,1019.8,1021.2,1018.1,1011.7,1019.0,1018.5,1016.5,1018.8,1018.3,1020.1,1020.1,1018.3,1019.2,1020.9,1015.7,1020.8,1019.6,1015.1,1018.1,1018.8,1018.3,1017.0,1020.9,1022.5,1019.7,1016.1
2024-07-02 11:10,1018.1,1019.2,1017.2,1018.1,1017.9,1017.1,1019.5,1018.1,1018.1,1017.9,1011.4,1018.1,1018.6,1018.1,1017.7,1018.2,1017.9,1019.1,1011.9,1020.0,1019.4,1017.1,1021.3,1020.8,1017.8,1019.3,1018.3,1019.1,1019.3,1019.6,1019.2,1018.5,1017.8,1018.7,1018.2,1017.9,1011.5,1018.2,1017.9,1020.6,1017.9,1018.0,1020.0,1020.6,1018.5,1022.3,1019.8,1022.9,1010.9,1018.5,1010.3,1019.3,1019.1,1018.4,1018.0,1017.9,1019.6,1018.1,1018.2,1022.2,1017.9,1018.3,1018.2,1019.0,1018.9,1017.0,1016.5,1015.1,1018.7,1011.0,1017.8,1018.4,1017.7,1018.1,1015.9,1018.0,1018.4,1018.3,1018.1,1013.4,1019.6,1018.4,1020.1,1018.6,1017.5,1018.2,1018.8,1017.2,1018.5,1023.2,1018.2,1017.6,1024.4,1018.1,1018.2,1017.7,1018.5,1018.7,1018.3,1018.2,1018.4,1021.2,1017.9,1018.2,1018.4,1018.5,1018.7,1021.8,1020.7,1017.7,1019.4,1019.7,1021.0,1017.8,1011.4,1018.7,1018.1,1016.5,1018.3,1017.9,1020.2,1019.8,1018.2,1018.9,1020.8,1015.6,1021.0,1019.2,1014.8,1017.9,1018.6,1017.8,1016.9,1020.9,1022.7,1019.7,1015.0
2024-07-02 12:20,1017.7,1018.8,1016.9,1017.2,1017.5,1016.9,1019.1,1018.0,1017.9,1017.7,1011.0,1017.7,1018.4,1017.5,1017.4,1017.4,1017.7,1019.1,1011.5,1019.9,1019.3,1017.2,1021.1,1020.8,1017.6,1019.2,1017.8,1018.6,1018.6,1019.1,1018.8,1018.3,1017.5,1017.8,1017.3,1017.8,1011.1,1017.7,1017.7,1020.4,1017.6,1017.4,1020.0,1020.7,1018.3,1022.3,1019.6,1023.0,1010.6,1017.9,1010.0,1019.4,1018.4,1018.2,1017.7,1017.6,1019.9,1017.9,1017.9,1022.7,1017.6,1018.3,1018.2,1018.5,1018.4,1016.9,1016.2,1014.3,1018.4,1010.8,1017.4,1018.0,1017.1,1017.4,1015.5,1017.8,1017.9,1017.6,1017.8,1012.9,1019.4,1017.7,1019.8,1017.9,1016.9,1018.2,1018.2,1016.7,1017.7,1023.3,1017.8,1016.9,1024.1,1017.9,1017.4,1017.0,1018.0,1018.6,1018.0,1017.6,1018.3,1021.4,1017.7,1017.4,1018.1,1018.1,1017.9,1021.8,1020.6,1017.4,1019.1,1019.6,1021.1,1017.7,1011.2,1018.4,1017.7,1016.8,1018.0,1017.8,1020.4,1019.6,1017.6,1018.6,1020.7,1015.2,1021.1,1019.1,1014.6,1017.0,1018.4,1017.5,1016.9,1020.7,1022.7,1019.4,1014.1
2024-07-02 13:10,1017.4,1018.6,1016.7,1016.8,1017.1,1016.2,1018.7,1017.5,1017.7,1017.5,1010.7,1017.2,1018.3,1017.2,1017.2,1017.1,1017.4,1018.9,1011.2,1019.8,1019.0,1017.1,1021.2,1020.7,1017.4,1018.8,1017.5,1018.4,1018.4,1019.0,1018.5,1018.0,1017.3,1017.6,1017.0,1017.3,1010.7,1017.3,1017.3,1020.3,1017.1,1017.2,1019.8,1020.7,1017.9,1022.3,1019.6,1022.9,1010.3,1017.4,1009.6,1019.5,1018.4,1017.8,1017.6,1017.6,1019.8,1017.7,1017.7,1022.7,1017.6,1018.1,1017.9,1018.2,1018.1,1016.6,1016.2,1013.9,1018.0,1010.5,1017.0,1017.8,1017.0,1017.1,1015.3,1017.2,1017.4,1016.8,1017.6,1012.6,1019.2,1017.5,1019.8,1017.6,1016.3,1017.8,1017.8,1016.3,1017.3,1023.3,1017.4,1016.3,1024.4,1017.5,1017.0,1016.8,1017.9,1018.5,1017.7,1017.2,1018.1,1021.1,1017.5,1017.0,1017.9,1017.5,1017.7,1022.0,1020.5,1017.3,1018.8,1019.3,1021.0,1017.5,1010.9,1018.2,1017.6,1016.6,1017.6,1017.5,1020.0,1019.5,1017.2,1018.5,1020.6,1014.6,1021.0,1019.0,1014.1,1016.5,1018.1,1017.3,1016.3,1020.6,1022.7,1019.0,1013.4
2024-07-02 14:30,1017.0,1019.0,1016.4,1016.5,1016.7,1015.8,1018.6,1017.3,1017.3,1017.0,1009.9,1016.7,1018.0,1017.3,1017.0,1016.8,1016.9,1018.4,1010.4,1019.7,1019.0,1016.7,1021.1,1020.7,1017.1,1018.5,1017.2,1018.1,1018.3,1018.6,1018.3,1017.7,1016.9,1017.3,1016.8,1017.0,1010.1,1016.6,1016.9,1020.6,1016.6,1016.9,1019.4,1020.7,1017.9,1022.4,1019.3,1023.0,1009.8,1017.2,1008.9,1019.4,1017.9,1017.5,1017.4,1017.2,1019.4,1017.3,1017.2,1022.9,1017.3,1017.8,1017.4,1017.9,1018.1,1016.0,1016.0,1013.3,1017.7,1010.1,1016.4,1017.6,1016.9,1016.5,1014.4,1017.0,1017.2,1016.0,1017.2,1012.1,1019.0,1017.4,1019.7,1017.2,1015.7,1017.5,1017.4,1016.2,1017.3,1023.0,1017.3,1015.6,1024.4,1017.1,1016.8,1016.7,1017.6,1018.7,1017.3,1016.7,1017.7,1021.1,1017.0,1016.5,1018.1,1017.3,1017.3,1022.1,1020.7,1016.8,1018.6,1019.2,1021.1,1017.0,1010.1,1017.9,1017.4,1016.5,1017.2,1017.2,1019.6,1019.4,1016.9,1018.4,1020.6,1014.6,1020.8,1018.8,1013.2,1015.9,1017.7,1016.8,1015.5,1020.6,1022.8,1018.7,1012.3
2024-07-02 15:20,1016.8,1019.1,1016.1,1016.3,1016.2,1015.4,1018.5,1017.1,1016.9,1016.8,1009.2,1016.5,1017.7,1017.2,1016.7,1016.3,1016.7,1018.1,1010.0,1019.3,1018.7,1016.3,1021.2,1020.5,1017.0,1018.3,1016.7,1018.0,1018.3,1018.5,1018.3,1017.5,1016.7,1017.0,1016.6,1016.8,1009.6,1016.4,1016.7,1020.4,1016.3,1016.6,1019.4,1020.3,1017.4,1022.3,1019.1,1023.0,1009.3,1017.0,1008.5,1019.2,1017.9,1017.3,1017.1,1016.9,1019.2,1017.1,1017.0,1022.8,1016.9,1017.7,1017.1,1017.8,1017.8,1015.6,1015.8,1013.2,1017.3,1009.7,1016.2,1017.1,1016.9,1016.2,1014.0,1016.6,1017.0,1015.8,1017.0,1011.7,1018.8,1017.3,1019.5,1017.0,1015.5,1017.5,1017.3,1016.1,1017.0,1023.2,1017.4,1015.5,1024.5,1016.7,1016.5,1016.6,1017.6,1018.5,1017.1,1016.3,1017.3,1021.1,1016.8,1016.2,1018.0,1017.2,1017.0,1022.0,1020.7,1016.6,1018.4,1019.1,1021.0,1016.7,1009.6,1017.6,1017.1,1016.3,1017.0,1016.8,1019.6,1019.2,1016.6,1018.1,1020.4,1014.6,1020.7,1018.6,1012.8,1016.0,1017.5,1016.7,1015.1,1020.4,1022.7,1018.6,1011.9
2024-07-02 16:10,1016.6,1018.8,1015.9,1016.3,1016.1,1015.3,1018.5,1017.2,1016.8,1016.7,1009.4,1016.3,1017.8,1017.0,1016.3,1016.1,1016.6,1017.9,1009.9,1019.1,1018.7,1016.3,1021.1,1020.5,1016.9,1018.2,1016.6,1017.9,1018.2,1018.6,1018.4,1017.4,1016.8,1016.9,1016.5,1016.7,1009.3,1016.3,1016.6,1020.4,1016.0,1016.3,1019.4,1020.3,1017.2,1022.1,1019.3,1022.7,1009.0,1016.8,1008.3,1019.2,1018.0,1017.3,1016.8,1016.8,1018.9,1017.1,1016.8,1022.7,1016.8,1017.6,1016.8,1017.7,1017.4,1015.3,1015.7,1013.1,1017.2,1009.2,1016.0,1016.8,1016.8,1016.4,1013.7,1016.5,1016.8,1015.6,1016.8,1012.1,1018.6,1017.5,1019.3,1016.9,1015.5,1017.7,1017.5,1015.7,1016.7,1023.0,1017.5,1015.8,1024.5,1016.6,1016.3,1016.2,1017.3,1018.5,1016.8,1016.2,1016.9,1021.0,1016.7,1016.4,1017.7,1017.2,1016.8,1022.0,1020.6,1016.4,1018.2,1019.1,1020.8,1016.7,1009.4,1017.5,1017.3,1016.1,1016.7,1016.8,1019.4,1019.1,1016.4,1017.9,1020.2,1015.0,1020.7,1018.4,1012.3,1016.0,1017.6,1016.5,1014.7,1020.4,1022.5,1018.5,1011.9
2024-07-02 17:10,1016.5,1018.6,1015.7,1016.1,1015.8,1015.4,1018.2,1017.5,1016.8,1016.6,1009.5,1016.1,1017.1,1016.7,1016.0,1015.7,1016.6,1017.7,1009.4,1018.9,1018.4,1016.0,1020.8,1020.0,1016.5,1017.9,1016.7,1017.6,1017.9,1018.4,1018.3,1017.4,1016.3,1016.6,1016.5,1016.6,1009.1,1016.0,1016.5,1020.1,1015.8,1016.1,1019.2,1019.8,1017.1,1021.7,1018.9,1022.3,1008.6,1016.6,1007.6,1018.7,1017.7,1017.6,1016.7,1016.3,1018.7,1016.9,1016.7,1022.4,1016.6,1017.4,1016.7,1017.4,1017.4,1015.3,1015.3,1012.9,1017.0,1008.8,1016.0,1016.8,1016.4,1016.1,1013.5,1016.5,1016.6,1014.9,1016.7,1012.0,1018.4,1017.2,1018.9,1016.7,1015.4,1017.8,1017.3,1015.8,1016.5,1022.3,1017.3,1015.5,1023.8,1016.6,1016.1,1016.1,1017.0,1017.8,1016.7,1016.1,1016.7,1020.7,1016.6,1016.1,1017.6,1017.0,1016.7,1021.6,1020.0,1016.5,1018.0,1018.9,1020.5,1016.8,1008.8,1017.2,1016.9,1015.7,1016.8,1016.7,1019.2,1018.8,1016.1,1017.7,1019.9,1014.2,1020.6,1018.3,1011.9,1016.0,1017.6,1016.4,1014.5,1020.2,1022.2,1018.4,1011.9
2024-07-02 18:20,1016.5,1017.9,1015.2,1015.9,1015.6,1015.2,1018.1,1017.2,1016.5,1016.5,1008.9,1016.0,1016.8,1016.7,1015.6,1015.6,1016.6,1017.5,1009.1,1018.5,1017.9,1015.5,1020.4,1019.5,1016.0,1017.7,1016.5,1017.6,1017.7,1018.2,1018.1,1017.0,1015.9,1016.4,1016.1,1016.1,1008.9,1015.9,1016.5,1019.8,1015.7,1015.9,1018.9,1019.2,1017.0,1021.4,1018.4,1021.8,1008.1,1016.7,1007.3,1018.0,1017.4,1017.4,1016.3,1016.0,1018.4,1016.6,1016.7,1022.1,1016.1,1016.9,1016.2,1017.4,1017.3,1015.2,1015.5,1012.9,1016.9,1008.3,1016.1,1016.7,1016.3,1016.2,1013.3,1016.3,1016.7,1015.1,1016.6,1011.4,1018.1,1016.7,1018.3,1016.8,1015.4,1017.6,1017.1,1015.3,1016.4,1022.1,1017.2,1015.5,1023.4,1016.4,1015.8,1016.4,1016.9,1017.5,1016.6,1016.2,1016.5,1020.3,1016.5,1016.2,1017.2,1016.8,1016.8,1021.3,1019.6,1016.5,1017.7,1018.6,1019.8,1016.7,1008.6,1016.8,1016.5,1015.2,1016.6,1016.4,1019.0,1018.3,1016.0,1017.2,1019.4,1013.8,1020.1,1017.9,1012.0,1015.8,1017.4,1016.5,1014.5,1019.8,1021.8,1017.9,1012.1
2024-07-02 19:20,1016.8,1017.9,1015.3,1016.4,1015.9,1015.5,1017.8,1017.2,1016.6,1016.5,1009.1,1016.5,1017.0,1016.6,1015.7,1015.7,1016.6,1017.2,1009.2,1018.4,1017.9,1015.3,1020.1,1019.5,1016.2,1017.7,1016.8,1017.7,1017.5,1018.0,1017.7,1017.1,1016.3,1016.8,1016.5,1016.4,1009.0,1015.8,1016.6,1019.3,1016.3,1016.1,1018.8,1019.2,1017.0,1021.1,1018.5,1021.5,1007.9,1016.9,1007.3,1017.8,1017.3,1017.3,1016.3,1016.2,1018.1,1016.8,1017.0,1021.7,1016.2,1016.9,1016.0,1017.5,1017.4,1015.0,1015.4,1013.0,1017.1,1008.3,1016.3,1016.6,1016.0,1016.1,1013.5,1016.5,1017.1,1015.2,1016.8,1011.5,1018.2,1016.7,1018.1,1017.1,1015.7,1017.5,1017.1,1015.2,1016.7,1021.7,1017.0,1015.8,1023.1,1016.6,1015.9,1016.0,1016.6,1017.4,1016.7,1016.9,1016.4,1020.1,1016.5,1016.2,1017.1,1016.9,1017.2,1020.8,1019.2,1016.6,1017.8,1018.4,1019.6,1016.6,1008.4,1016.8,1016.8,1015.0,1017.0,1016.5,1018.7,1018.4,1016.2,1017.3,1019.2,1013.9,1019.9,1017.8,1011.7,1016.2,1017.3,1016.5,1014.5,1019.7,1021.4,1018.3,1012.3
2024-07-02 20:20,1016.8,1018.3,1015.6,1016.6,1016.7,1015.9,1017.9,1017.1,1016.9,1016.7,1009.5,1016.9,1017.1,1017.0,1016.1,1016.1,1016.8,1017.5,1009.7,1018.3,1017.9,1015.3,1020.2,1019.5,1016.6,1017.8,1016.9,1017.7,1017.8,1018.0,1017.5,1017.4,1016.4,1017.1,1016.8,1016.8,1009.2,1016.1,1016.8,1019.3,1016.6,1016.4,1018.7,1019.3,1017.4,1021.0,1018.6,1021.5,1008.2,1017.2,1007.6,1017.8,1017.6,1017.4,1016.4,1016.2,1018.3,1017.0,1017.1,1021.7,1016.5,1016.9,1016.3,1017.5,1017.6,1015.8,1015.6,1013.4,1017.5,1008.5,1016.6,1016.9,1016.1,1016.4,1013.8,1016.8,1017.3,1015.8,1017.0,1011.5,1018.2,1016.7,1018.4,1017.2,1015.8,1017.4,1017.2,1015.7,1017.1,1021.7,1017.1,1016.1,1022.9,1016.9,1016.2,1016.4,1016.8,1017.4,1016.8,1017.1,1016.7,1020.1,1016.7,1016.5,1017.4,1017.2,1017.4,1020.8,1019.4,1016.5,1017.8,1018.3,1019.6,1016.6,1008.9,1017.0,1016.8,1015.0,1017.1,1016.8,1019.0,1018.3,1016.9,1017.6,1019.2,1013.9,1020.1,1018.0,1012.0,1016.5,1017.4,1016.4,1014.9,1019.6,1021.3,1018.1,1012.7
2024-07-03 08:20,1014.1,1015.3,1014.0,1014.4,1014.1,1014.8,1015.5,1014.1,1014.5,1014.2,1009.8,1014.1,1014.7,1014.8,1014.0,1014.4,1014.1,1015.7,1010.5,1015.5,1015.0,1014.2,1017.4,1016.8,1014.1,1015.6,1014.4,1014.9,1015.2,1016.1,1014.4,1014.4,1014.2,1014.6,1014.5,1014.3,1010.3,1015.2,1014.1,1016.6,1013.9,1014.4,1015.3,1016.2,1014.8,1017.8,1015.4,1017.9,1010.6,1014.5,1009.9,1015.8,1015.8,1014.6,1014.1,1014.1,1016.6,1014.3,1014.3,1018.5,1014.2,1015.2,1014.9,1014.8,1015.1,1014.5,1014.2,1013.4,1014.6,1010.8,1014.0,1014.8,1014.7,1014.5,1013.0,1014.2,1014.3,1015.3,1014.3,1011.0,1015.9,1015.5,1015.4,1014.4,1014.4,1014.3,1015.0,1013.9,1014.6,1018.4,1014.8,1014.9,1018.9,1014.4,1014.4,1014.6,1015.2,1015.3,1014.2,1014.2,1015.3,1017.3,1014.1,1014.7,1015.1,1015.5,1014.5,1017.6,1016.6,1014.1,1014.9,1015.1,1016.4,1014.2,1010.5,1014.5,1014.2,1014.1,1014.4,1014.2,1016.4,1015.5,1014.4,1014.8,1016.3,1012.5,1017.2,1015.2,1012.5,1014.3,1014.6,1014.1,1014.1,1016.5,1017.9,1015.9,1013.8
2024-07-03 09:10,1014.1,1015.3,1013.9,1014.3,1013.9,1014.3,1015.4,1014.1,1014.3,1014.3,1009.7,1014.1,1014.7,1014.6,1014.1,1014.5,1014.2,1015.6,1010.5,1015.7,1015.2,1014.1,1017.4,1016.6,1014.2,1015.3,1014.3,1014.9,1015.2,1016.0,1014.6,1014.4,1014.2,1014.6,1014.4,1014.2,1010.0,1015.3,1014.2,1016.6,1013.9,1014.5,1015.6,1016.2,1014.8,1017.8,1015.4,1018.1,1010.7,1014.5,1009.7,1015.7,1015.7,1014.6,1014.2,1014.1,1016.6,1014.4,1014.3,1018.3,1014.3,1014.6,1014.7,1014.8,1015.1,1014.2,1014.2,1013.2,1014.5,1011.0,1014.1,1014.7,1014.8,1014.2,1012.7,1014.2,1014.3,1015.3,1014.4,1010.7,1015.6,1015.8,1015.8,1014.5,1013.9,1014.4,1014.6,1013.6,1014.6,1018.5,1014.8,1014.5,1019.1,1014.3,1014.6,1014.4,1015.3,1015.4,1014.3,1014.3,1015.0,1016.9,1014.3,1014.3,1014.9,1015.1,1014.4,1017.8,1016.8,1014.2,1015.0,1015.2,1016.5,1014.3,1010.5,1014.6,1014.3,1014.1,1014.5,1014.2,1016.2,1015.6,1014.2,1015.0,1016.4,1012.2,1016.9,1015.0,1012.6,1014.1,1014.6,1014.3,1014.1,1016.6,1018.0,1015.6,1013.8
2024-07-03 10:20,1013.8,1015.1,1013.8,1014.0,1013.7,1014.1,1015.4,1013.7,1014.1,1013.9,1009.7,1013.8,1014.4,1014.4,1014.0,1014.0,1013.9,1015.1,1010.6,1015.5,1014.9,1014.3,1017.6,1016.7,1013.9,1015.0,1014.0,1014.6,1015.0,1015.9,1014.1,1014.3,1014.1,1014.4,1014.2,1013.6,1010.4,1015.1,1013.9,1016.7,1013.6,1014.0,1015.2,1016.2,1014.7,1018.2,1015.1,1018.3,1010.9,1014.2,1009.8,1016.1,1015.6,1014.2,1013.9,1014.0,1016.2,1014.0,1014.0,1018.3,1014.1,1014.6,1014.2,1014.6,1014.8,1013.6,1014.1,1013.0,1014.3,1011.2,1013.7,1014.6,1014.7,1013.9,1012.1,1013.9,1014.0,1015.3,1013.8,1010.7,1015.3,1015.3,1015.6,1014.1,1013.6,1013.8,1014.6,1013.7,1014.4,1018.6,1014.7,1014.1,1019.2,1014.0,1014.3,1014.3,1015.2,1015.4,1013.9,1013.9,1014.6,1017.1,1013.9,1014.1,1014.9,1015.0,1014.3,1017.7,1016.7,1013.6,1014.8,1014.8,1016.6,1013.9,1010.7,1014.3,1013.8,1014.3,1014.0,1013.9,1016.1,1015.5,1014.0,1014.8,1016.3,1012.3,1016.9,1015.0,1012.5,1013.9,1014.2,1013.8,1013.3,1016.6,1018.0,1015.6,1013.2
2024-07-03 11:20,1013.3,1014.6,1013.3,1013.4,1013.2,1013.3,1015.0,1013.2,1013.5,1013.2,1009.1,1013.3,1014.2,1013.4,1013.5,1013.7,1013.2,1014.6,1009.9,1015.4,1014.7,1014.1,1017.2,1016.3,1013.3,1014.4,1013.5,1014.3,1014.7,1015.5,1013.8,1013.9,1013.7,1013.9,1013.6,1013.2,1009.8,1014.7,1013.0,1016.3,1013.1,1013.6,1014.8,1016.1,1014.0,1017.8,1014.7,1017.9,1010.8,1013.7,1009.5,1015.7,1015.1,1013.4,1013.6,1013.6,1016.1,1013.6,1013.5,1018.2,1013.8,1014.3,1013.8,1014.3,1014.4,1012.8,1013.8,1011.9,1013.8,1011.2,1013.1,1013.8,1014.4,1013.4,1012.6,1013.1,1013.5,1014.7,1013.6,1010.4,1015.0,1015.1,1015.3,1013.6,1012.8,1013.3,1014.0,1013.0,1013.9,1018.8,1014.3,1013.1,1019.4,1013.2,1013.7,1013.3,1014.7,1015.0,1013.5,1013.4,1014.4,1016.8,1013.3,1013.3,1014.1,1014.2,1013.8,1017.6,1016.5,1013.0,1014.4,1014.4,1016.5,1013.2,1010.4,1014.0,1013.6,1014.2,1013.6,1013.4,1015.8,1015.2,1013.4,1014.4,1016.1,1011.6,1016.7,1014.5,1012.3,1013.3,1013.5,1013.2,1012.7,1016.3,1017.9,1015.0,1012.2
2024-07-03 12:20,1012.8,1014.3,1012.9,1012.8,1012.5,1012.5,1014.5,1012.6,1012.9,1012.6,1008.8,1012.6,1014.0,1013.2,1013.2,1013.0,1012.5,1014.3,1009.5,1015.1,1014.3,1014.1,1017.2,1016.2,1012.9,1014.3,1012.8,1013.8,1014.2,1015.3,1013.4,1013.4,1013.5,1013.1,1012.9,1012.7,1009.4,1014.1,1012.5,1016.1,1012.5,1013.1,1014.9,1016.1,1013.5,1017.9,1014.8,1018.2,1010.6,1013.0,1009.4,1015.6,1014.8,1012.8,1013.1,1013.5,1016.0,1013.0,1013.2,1018.1,1013.6,1013.9,1013.5,1013.5,1013.7,1012.3,1013.2,1011.1,1013.2,1011.1,1012.5,1013.3,1013.9,1013.0,1012.4,1012.6,1012.9,1014.0,1012.8,1010.3,1014.5,1014.6,1015.2,1013.0,1012.2,1012.7,1013.7,1012.5,1013.1,1018.6,1013.8,1012.4,1019.4,1012.7,1013.0,1012.9,1014.3,1014.7,1013.0,1012.7,1014.2,1016.6,1012.4,1013.0,1014.0,1013.6,1013.2,1017.6,1016.2,1012.4,1014.0,1014.3,1016.4,1012.4,1010.4,1013.4,1013.3,1014.1,1013.0,1012.8,1015.6,1014.9,1012.9,1014.1,1015.9,1011.0,1016.6,1014.3,1012.3,1012.6,1013.0,1012.5,1012.3,1016.1,1017.8,1014.5,1011.2
2024-07-03 13:00,1012.6,1014.2,1012.6,1012.4,1012.0,1012.0,1014.1,1012.5,1012.7,1012.2,1008.6,1012.4,1013.8,1013.0,1013.0,1012.8,1012.3,1013.8,1009.3,1014.9,,1013.9,1017.1,1015.9,1012.7,1014.1,1012.5,1013.4,1013.7,1014.9,1013.2,1013.1,1013.1,1012.8,1012.5,1012.6,1009.3,1013.7,1012.3,1015.9,1012.2,1012.8,1014.7,1016.0,1013.2,,1014.6,1018.3,1010.4,1012.5,1009.3,1015.3,1014.4,1012.7,1012.8,1013.1,1015.6,1012.9,1012.8,1018.1,1013.1,1013.7,1013.1,1013.3,1013.4,1011.7,1013.1,1010.6,1013.0,1011.0,1012.1,1013.1,1013.6,1012.5,1012.3,1012.5,1012.7,1013.3,1012.4,1010.0,1014.2,1014.1,1015.0,1012.7,1011.9,1012.8,1013.3,1012.2,1012.8,1018.5,1013.4,1011.8,1019.4,1012.6,1012.7,1012.6,1014.0,1014.4,1012.8,1012.4,1014.0,1016.4,1012.2,1012.5,1013.7,1013.1,1012.8,1017.4,1016.0,1012.0,1013.9,1014.3,1016.2,1012.2,1010.0,1013.1,1013.0,1013.9,,1012.5,1015.1,1014.7,1012.2,1014.0,1015.8,1010.7,1016.4,1014.0,1011.9,1012.2,1013.0,1012.0,1012.1,1016.0,1017.6,1014.3,1010.6
2024-07-03 14:30,1011.6,1014.1,1012.3,1011.6,1011.5,1011.7,1013.6,1012.3,1012.5,1011.9,1008.3,1011.5,1013.5,1012.8,1012.6,1012.0,1011.8,1013.5,1009.4,1014.3,1013.7,1013.6,1017.0,1015.8,1012.3,1013.7,1012.0,1012.6,1013.3,1014.8,1013.1,1013.0,1013.2,1012.0,1011.5,1012.5,1008.8,1013.2,1011.9,1015.7,1011.3,1012.1,1014.5,1015.4,1012.8,1017.7,1014.5,1017.9,1010.0,1011.8,1008.8,1015.1,1014.2,1012.4,1012.4,1013.0,1015.2,1012.7,1011.8,1017.8,1012.8,1013.6,1012.7,1012.4,1012.9,1011.0,1012.7,1009.9,1012.4,1010.2,1011.3,1012.5,1012.9,1011.6,1011.6,1012.0,1011.8,1012.8,1011.8,1009.8,1014.1,1013.9,1014.7,1011.9,1011.0,1012.6,1012.5,1012.0,1012.1,1018.4,1012.9,1011.3,1019.2,1012.3,1012.2,1012.2,1013.5,1014.4,1011.9,1011.5,1013.6,1016.3,1011.9,1011.6,1013.6,1012.2,1011.9,1017.3,1015.7,1011.6,1013.1,1013.9,1015.9,1011.8,1009.6,1012.7,1012.6,1013.6,1011.9,1012.5,1014.8,1014.1,1011.6,1013.9,1015.3,1010.6,1016.2,1013.9,1011.3,1011.1,1012.5,1011.6,1011.6,1015.4,1017.5,1014.0,1009.7
2024-07-03 15:20,1011.6,1013.8,1012.3,1011.2,1010.8,1011.2,1013.2,1012.5,1012.7,1012.1,1008.1,1011.2,1013.4,1012.9,1012.7,1012.0,1012.2,1013.3,1008.9,1014.1,1013.7,1013.2,1016.9,1015.3,1012.5,1013.3,1012.2,1012.3,1012.9,1014.8,1013.3,1013.3,1012.9,1011.6,1011.1,1012.5,1008.6,1012.7,1012.2,1015.1,1011.0,1012.2,1014.6,1015.3,1013.0,1017.6,1014.6,1017.5,1009.4,1011.8,1008.4,1014.7,1014.1,1012.8,1012.6,1012.9,1015.1,1012.9,1011.8,1017.6,1013.1,1013.3,1012.2,1012.2,1013.0,1010.8,1012.3,1009.8,1011.9,1009.8,1011.4,1012.6,1012.3,1010.9,1011.6,1012.4,1011.5,1012.5,1012.0,1009.6,1013.6,1014.0,1013.9,1011.8,1010.3,1012.8,1012.0,1012.0,1011.9,1018.0,1012.4,1010.7,1018.7,1012.7,1012.2,1012.3,1013.4,1013.8,1011.9,1011.1,1013.0,1015.9,1012.1,1010.8,1013.9,1012.0,1011.8,1016.6,1015.1,1011.9,1012.9,1014.1,1015.7,1012.1,1009.1,1012.7,1012.9,1013.2,1012.1,1012.5,1014.6,1014.0,1010.9,1014.0,1014.9,1010.3,1015.8,1014.0,1011.2,1010.4,1012.9,1011.9,1011.3,1015.2,1016.9,1013.5,1009.4
2024-07-03 16:20,1012.3,1014.3,1013.3,1012.1,1011.3,1011.0,1013.6,1012.2,1013.4,1012.3,1007.8,1012.0,1013.9,1013.7,1013.6,1012.7,1012.3,1012.7,1008.8,1013.7,1013.7,1012.7,1016.7,1015.3,1012.8,1013.1,1012.7,1013.1,1013.7,1015.3,1013.2,1014.0,1013.8,1012.4,1011.4,1012.8,1008.2,1013.2,1012.3,1015.3,1011.7,1012.8,1014.7,1015.3,1013.6,1017.4,1014.7,1017.8,1009.0,1012.5,1007.9,1014.3,1014.8,1012.6,1013.1,1013.5,1014.3,1013.6,1012.4,1017.2,1013.7,1013.1,1011.9,1012.9,1013.6,1010.5,1013.3,1011.2,1012.5,1009.2,1012.1,1013.0,1012.9,1011.0,1011.3,1012.5,1012.5,1012.8,1012.4,1009.3,1013.5,1014.7,1014.5,1012.6,1010.3,1012.6,1012.2,1013.1,1012.6,1017.8,1012.8,1010.7,1018.2,1013.0,1012.7,1013.2,1014.1,1013.8,1012.4,1011.8,1012.8,1015.6,1012.3,1010.9,1014.5,1012.2,1012.1,1016.8,1015.5,1012.1,1013.2,1014.2,1016.0,1012.2,1008.8,1012.8,1013.3,1012.8,1012.7,1013.2,1014.2,1014.1,1011.5,1014.5,1015.3,1010.6,1015.5,1014.5,1010.6,1011.0,1012.9,1012.1,1011.0,1015.1,1017.2,1013.4,1010.5
2024-07-03 17:20,1012.3,1014.6,1013.5,1012.4,1012.1,1011.5,1013.9,1012.9,1013.3,1011.9,1008.2,1012.2,1013.9,1014.1,1013.6,1012.9,1012.2,1012.9,1009.3,1013.7,1014.1,1012.9,1017.0,1015.3,1013.1,1013.3,1012.7,1013.4,1013.8,1015.7,1013.7,1013.7,1013.7,1012.8,1011.9,1012.9,1008.5,1013.6,1012.2,1015.3,1011.9,1013.3,1014.9,1015.5,1013.9,1017.6,1014.7,1017.8,1008.9,1012.7,1008.0,1014.4,1015.3,1012.7,1013.3,1013.4,1014.3,1013.3,1012.6,1017.1,1013.7,1013.1,1012.4,1013.4,1013.7,1011.0,1013.1,1012.0,1012.9,1008.9,1011.8,1013.3,1013.3,1011.5,1011.5,1012.4,1012.7,1013.4,1012.3,1009.6,1013.8,1015.0,1015.0,1012.9,1010.8,1013.0,1012.6,1013.4,1012.9,1018.0,1012.9,1011.3,1018.5,1012.9,1012.9,1014.0,1014.6,1014.1,1012.2,1012.4,1012.8,1015.5,1011.9,1011.7,1014.9,1012.8,1012.7,1016.9,1015.6,1011.8,1013.3,1014.5,1016.0,1012.0,1008.9,1012.6,1013.2,1012.5,1012.8,1013.1,1014.4,1014.1,1012.2,1014.5,1015.0,1011.1,1015.6,1014.5,1010.7,1011.7,1012.7,1011.9,1011.1,1015.0,1017.2,1013.5,1011.2
2024-07-03 18:20,1012.5,1014.5,1013.8,1012.4,1012.2,1011.8,1013.6,1012.9,1013.6,1012.2,1008.3,1012.2,1014.2,1014.0,1013.6,1013.1,1012.8,1013.4,1008.9,1014.1,1014.0,1012.5,1017.0,1015.2,1013.1,1013.4,1013.0,1013.4,1013.7,1015.7,1013.6,1013.8,1013.8,1013.0,1012.3,1013.2,1008.5,1013.3,1012.7,1015.1,1012.0,1013.5,1014.9,1015.8,1014.1,1017.8,1014.7,1017.9,1008.4,1013.0,1007.8,1014.3,1015.2,1012.9,1013.1,1013.7,1014.3,1013.5,1012.6,1017.0,1013.8,1012.9,1012.7,1013.4,1014.0,1011.5,1012.3,1012.2,1012.9,1008.5,1012.0,1013.6,1013.2,1012.0,1011.6,1013.1,1012.8,1013.5,1012.7,1009.6,1013.8,1014.7,1014.9,1013.0,1011.3,1013.3,1012.6,1013.4,1013.1,1018.0,1012.7,1011.5,1018.2,1013.3,1013.1,1014.0,1014.5,1013.9,1012.3,1012.5,1013.1,1015.6,1012.4,1012.1,1014.9,1012.7,1012.8,1016.6,1015.2,1012.0,1013.2,1014.5,1016.1,1012.1,1008.5,1013.0,1013.3,1012.3,1012.9,1013.4,1014.3,1014.5,1012.6,1014.5,1015.3,1010.6,1015.6,1014.5,1010.8,1012.1,1013.2,1011.9,1011.6,1014.6,1016.9,1013.8,1011.0
2024-07-03 19:20,1012.7,1015.2,1013.9,1012.5,1012.3,1011.7,1013.8,1013.2,1013.9,1012.7,1007.8,1012.4,1014.1,1014.4,1013.7,1013.9,1013.1,1013.5,1008.6,1014.6,1014.2,1012.2,1016.7,1015.2,1013.2,1013.4,1013.3,1013.9,1014.6,1015.8,1013.8,1014.1,1013.7,1013.5,1012.6,1013.4,1008.1,1013.7,1013.0,1014.8,1012.1,1014.1,1015.1,1016.0,1014.5,1017.8,1015.0,1018.2,1008.1,1013.7,1007.3,1014.1,1015.3,1013.2,1013.0,1013.5,1014.2,1013.8,1013.3,1016.8,1014.0,1012.5,1012.5,1014.0,1014.6,1011.8,1012.6,1012.5,1013.0,1008.1,1012.4,1014.1,1013.3,1012.7,1010.8,1013.3,1013.6,1013.4,1013.1,1009.1,1013.9,1015.0,1015.2,1014.0,1011.8,1013.5,1013.3,1013.5,1013.6,1017.8,1012.8,1012.0,1018.4,1013.6,1013.9,1014.2,1014.7,1013.8,1012.7,1013.0,1013.0,1015.4,1012.7,1012.6,1015.1,1012.7,1013.2,1016.6,1015.7,1012.5,1013.7,1014.6,1016.1,1012.7,1008.2,1013.3,1013.6,1012.0,1013.6,1013.6,1014.3,1014.9,1012.9,1014.6,1015.6,1010.6,1015.4,1014.8,1010.8,1012.7,1013.5,1012.5,1011.8,1014.6,1017.3,1013.8,1011.6
2024-07-03 20:20,1013.6,1015.8,1014.5,1013.5,1013.0,1012.5,1014.5,1013.6,1014.0,1013.4,1008.1,1013.3,1014.4,1014.7,1014.5,1014.0,1013.5,1013.7,1008.9,1015.1,1014.7,1012.5,1016.9,1015.6,1013.7,1014.1,1013.9,1014.6,1015.1,1016.3,1014.2,1014.4,1014.2,1014.1,1013.4,1013.7,1008.4,1014.1,1013.5,1015.7,1013.1,1014.3,1015.4,1016.3,1014.6,1018.5,1015.4,1018.5,1008.3,1014.0,1007.7,1014.4,1015.9,1013.6,1013.8,1014.1,1014.5,1014.0,1013.9,1017.0,1014.2,1013.0,1012.9,1014.6,1014.9,1012.4,1013.1,1013.3,1013.9,1008.3,1013.0,1014.5,1013.8,1013.2,1011.1,1013.8,1014.0,1014.1,1013.7,1009.5,1014.6,1015.4,1015.6,1014.2,1012.6,1014.0,1013.9,1014.0,1014.2,1018.1,1013.7,1012.6,1018.7,1013.8,1014.2,1014.7,1015.4,1014.4,1013.3,1014.1,1013.4,1015.8,1013.4,1012.9,1015.6,1013.8,1014.3,1016.8,1016.2,1012.9,1014.0,1015.1,1016.7,1013.3,1008.4,1014.1,1013.9,1012.2,1014.1,1013.9,1014.8,1015.2,1013.4,1015.1,1016.0,1011.3,1015.6,1015.2,1010.9,1013.4,1014.0,1012.9,1011.9,1014.9,1017.6,1014.5,1012.0
2024-07-04 08:20,1014.1,1017.0,1015.4,1015.0,1014.0,1016.5,1016.8,1013.4,1014.7,1013.8,1012.4,1014.1,1015.8,1016.1,1015.3,1015.4,1014.1,1017.4,1012.6,1016.0,1015.6,1015.5,1019.5,1017.7,1014.4,1017.1,1014.5,1015.4,1016.0,1018.5,1013.8,1015.0,1015.6,1014.8,1015.4,1014.6,1012.9,1017.3,1014.0,1017.8,1014.0,1015.5,1015.7,1017.5,1015.1,1020.4,1016.1,1020.2,1012.3,1014.8,1011.7,1016.9,1018.5,1014.0,1014.5,1015.6,1017.7,1014.8,1014.4,1019.3,1015.5,1016.4,1016.9,1015.2,1015.5,1016.4,1015.3,1016.1,1014.7,1012.2,1013.8,1015.0,1017.0,1015.5,1014.9,1014.2,1014.5,1017.3,1014.3,1013.2,1017.0,1018.1,1016.5,1014.6,1015.9,1013.8,1015.8,1015.5,1014.9,1020.7,1015.6,1016.6,1020.8,1014.6,1015.7,1017.4,1017.7,1016.9,1014.2,1014.6,1017.1,1018.2,1013.8,1015.8,1016.9,1017.2,1015.0,1018.9,1018.0,1013.9,1015.2,1015.2,1017.9,1013.9,1012.2,1014.4,1014.9,1015.2,1014.5,1014.6,1017.7,1015.9,1014.7,1015.9,1017.2,1014.5,1018.2,1015.7,1014.8,1015.4,1014.0,1014.0,1015.8,1016.9,1019.0,1017.3,1016.0
2024-07-04 09:00,,,1015.3,,1014.2,,1016.9,,,1013.8,,,,1015.9,,1015.3,1014.0,1017.5,1013.0,,1015.7,,1019.9,1018.1,1014.5,,,1015.5,1016.1,1018.8,1013.7,,1015.9,1015.0,1015.5,,1012.9,1017.4,1014.0,1018.2,,1015.3,1015.8,,,,,,1012.5,1014.8,,1017.5,1018.5,,,,1018.1,1014.8,1014.5,1019.9,,1016.7,1016.9,1015.3,1015.5,,,,,1012.5,1013.8,1015.2,,,1014.9,,1014.7,1017.4,,,,,1016.5,,1015.8,,,,1014.8,1021.1,1015.8,1016.5,1021.2,1014.6,,1016.9,,,1014.4,1014.7,,1018.6,1013.8,,,1017.4,1015.2,,1018.4,1014.0,,1015.3,,1013.9,,,1014.8,1015.8,,1014.7,,,1014.9,,1017.6,,1018.6,,1014.9,1015.5,1014.0,1014.0,1016.1,,,1017.4,1016.0
2024-07-04 10:20,1014.1,1016.8,1015.2,1014.4,1014.1,1016.0,1016.9,1013.8,1014.7,1013.4,1012.1,1014.2,1016.1,1015.6,1015.5,1014.9,1013.8,1017.4,1012.9,1016.7,1015.9,1016.5,1020.2,1018.8,1014.5,1017.0,1014.2,1015.4,1015.7,1018.6,1014.5,1014.9,1015.8,1014.7,1015.2,1014.5,1012.5,1017.4,1013.8,1018.7,1014.0,1015.0,1016.2,1017.9,1015.1,1021.2,1016.7,1021.1,1012.8,1014.5,1011.9,1018.2,1018.3,1014.0,1014.6,1015.6,1018.6,1014.8,1014.5,1020.6,1015.7,1016.9,1016.7,1015.2,1015.2,1015.9,1016.1,1015.0,1015.1,1012.9,1013.7,1015.1,1017.3,1015.0,1014.8,1013.9,1014.6,1017.2,1014.2,1013.2,1017.4,1017.9,1016.7,1014.6,1015.0,1013.7,1015.9,1015.1,1014.3,1021.9,1015.6,1016.1,1021.8,1014.5,1014.9,1016.1,1017.7,1017.7,1014.4,1014.6,1017.2,1019.2,1013.4,1015.1,1016.6,1017.2,1014.9,1020.0,1018.8,1013.6,1015.7,1015.5,1018.7,1013.6,1012.6,1014.6,1015.0,1016.4,1014.3,1014.5,1018.2,1016.4,1014.7,1016.4,1018.1,1014.5,1019.2,1015.9,1014.9,1015.1,1014.0,1013.8,1015.7,1017.7,1020.2,1017.3,1015.4
2024-07-04 11:20,1013.9,,,1014.3,,1015.6,,1013.9,,1013.5,,,,,,1014.5,,1017.5,1012.5,1016.9,1016.0,1016.8,1020.6,1019.1,1014.4,1017.1,,,1015.8,,1014.8,,,1014.5,,1014.4,1012.1,,,1019.2,1013.8,,,1018.1,1014.9,1021.5,1016.7,,1012.8,1014.2,1011.9,,1018.0,1014.4,,1015.4,,1014.8,,,1015.5,,1016.7,,1014.9,,1016.1,1014.2,1015.0,,1013.5,,,,1014.7,1014.1,,1017.1,1014.0,,,1017.7,1016.8,,,,1015.8,,1014.2,1022.3,,1015.6,1022.4,,1014.5,1015.3,1017.5,1017.8,1014.3,1014.3,1017.1,,1013.4,1014.9,,,,,1019.1,,1015.6,1016.1,1018.9,1013.6,,1014.9,1014.7,,1014.1,1014.3,1018.5,,1014.5,1016.3,1018.3,1014.4,,1015.9,1014.7,1014.9,,1013.5,1015.6,,,,1014.5
2024-07-04 12:20,1013.8,1016.5,,1013.7,,1015.3,1016.8,,1014.4,1013.8,1011.3,,1015.9,,,1013.9,1013.7,1017.7,1011.9,,,1017.1,1020.6,1019.5,1014.2,1017.6,1013.9,1015.0,,1018.3,1014.9,,1015.8,1014.1,1014.4,1014.0,,,1013.8,1019.3,1013.5,,,1018.5,,1021.7,1016.8,1021.9,,1013.9,1011.7,1018.7,1017.6,1014.5,1014.4,1015.4,1018.9,1014.5,1014.0,,1015.5,,1016.9,1014.8,1014.9,1015.3,1015.8,1013.6,,,1013.2,1014.4,,,,1014.0,1014.0,1016.9,1013.6,,,1017.3,1016.8,1013.9,,,,1014.4,1013.9,,,1014.9,1022.9,1014.2,1014.1,1014.6,1017.2,1017.8,,1013.7,1017.3,,1013.7,1014.2,1016.0,,,1020.9,1019.1,1013.4,,1016.1,,,1012.5,1014.5,1014.7,1017.0,1013.8,1014.2,1019.0,1016.7,1013.9,1016.5,1018.7,1014.0,,1016.1,1014.5,1014.2,1014.7,,1015.3,,,1017.8,
2024-07-04 13:10,1013.8,1016.3,1014.7,1013.4,1013.2,1014.8,1016.6,1013.6,1014.4,1014.0,1010.9,1013.5,1016.1,1014.8,1015.4,1013.8,1013.9,1017.7,1011.7,1017.4,1016.2,1017.2,1020.9,1019.7,1014.2,1017.2,1013.9,1015.0,1015.3,1018.5,1014.8,1015.2,1015.6,1013.8,1013.8,1014.0,1011.6,1017.0,1013.9,1019.4,1013.3,1013.7,1017.0,1018.7,1014.9,1022.1,1017.2,1022.2,1012.3,1013.7,1011.4,1018.8,1017.7,1014.5,1014.5,1015.4,1018.9,1014.7,1013.9,1022.2,1015.5,1016.7,1016.7,1014.7,1015.0,1015.3,1016.0,1013.2,1014.4,1012.6,1013.4,1014.1,,1013.5,1014.7,1013.8,1013.7,1016.7,1013.7,1012.1,1017.8,1017.2,1017.1,1013.8,1013.5,1013.9,1014.7,1014.4,1013.7,1023.0,1014.6,1014.3,1023.1,1014.1,1013.7,1014.6,1017.1,1017.8,1014.3,1013.5,1017.3,1020.3,1014.0,1013.4,1016.1,1015.9,1014.0,1021.3,1019.1,1013.9,1015.5,1016.4,1019.4,1014.1,1012.4,1014.9,1014.7,1017.1,1014.0,1014.3,1019.1,1016.7,1013.5,1016.6,1018.8,1013.7,1020.3,1016.3,1014.1,1013.6,1014.6,1013.9,1015.1,1018.9,1021.6,1017.4,1012.5
2024-07-04 14:30,1013.6,1016.2,1014.3,1012.9,1013.3,1013.9,1016.1,1013.2,1014.4,1013.6,1010.2,1013.6,1015.9,1014.9,1014.9,1013.3,1013.5,1017.2,1011.2,1017.6,1016.2,1017.2,1021.2,1019.7,1014.0,1016.8,1013.7,1015.2,1015.1,1018.4,1014.9,1015.1,1015.4,1013.7,1013.2,1013.6,1011.0,1016.1,1013.5,1019.3,1013.5,1013.3,1017.0,1019.1,1014.8,1022.4,1017.4,1022.7,1011.8,1013.3,1010.7,1018.8,1017.3,1013.6,1014.1,1015.2,1018.9,1014.5,1013.8,1022.7,1015.2,1016.7,1016.2,1014.7,1015.0,1014.8,1015.4,1012.1,1014.5,1012.0,1013.4,1013.6,,1012.7,1014.5,1013.5,1013.6,1016.1,1013.5,1011.6,1017.5,1016.7,1017.4,1013.3,1012.6,1013.5,1014.3,1013.9,1013.4,1023.6,1014.3,1013.2,1023.7,1014.1,1013.6,1014.5,1016.8,1017.7,1014.2,1013.4,1016.8,1020.5,1013.6,1012.9,1016.5,1014.9,1014.2,1021.6,1018.9,1013.3,1015.7,1016.3,1019.6,1013.4,1011.9,1014.9,1014.7,1017.1,1013.8,1014.2,1018.9,1016.8,1013.1,1016.4,1018.8,1012.9,1020.3,1016.4,1013.5,1013.1,1014.2,1013.3,1014.5,1019.2,1022.0,1016.9,1011.4
2024-07-04 15:20,1013.4,1016.6,1014.5,1013.1,1013.4,1013.6,1016.4,1013.5,1014.3,1013.0,1009.9,1013.6,1016.1,1015.1,1015.0,1013.2,1013.3,1017.2,1010.9,1017.8,1016.2,1017.2,1021.5,1019.9,1014.0,1016.7,1013.7,1015.3,1015.6,1018.5,1015.2,1015.2,1015.4,1013.7,1013.5,1013.6,1010.8,1016.0,1013.2,1019.7,1013.3,1013.3,1017.1,1019.1,1014.8,1022.8,1017.5,1023.3,1011.6,1013.3,1010.6,1018.9,1017.3,1013.4,1014.1,1015.2,1018.8,1014.7,1013.7,1022.9,1015.2,1016.9,1016.1,1014.9,1015.0,1014.5,1015.1,1012.1,1014.6,1011.8,1013.1,1013.6,,1013.0,1014.4,1013.4,1013.5,1015.8,1013.5,1011.5,1017.5,1016.9,1017.6,1013.4,1012.3,1014.4,1014.5,1014.3,1013.2,1023.8,1014.7,,1023.8,1014.0,1013.3,1014.7,1016.9,1017.8,1014.1,1013.4,1016.8,1020.7,1013.0,1013.0,1016.8,1014.7,1014.3,1022.1,1019.4,1013.0,1015.7,1016.6,1020.0,1013.0,1011.7,1014.7,1014.8,1017.1,1013.7,1014.2,1019.0,1017.0,1013.6,1016.5,1019.3,1012.8,1020.5,1016.5,1013.3,1013.1,1014.0,1013.1,1014.1,1019.5,1022.5,1016.8,1011.2
2024-07-04 16:20,1013.6,1016.7,1014.9,1013.1,1013.2,1013.3,1016.5,1013.8,1014.6,1013.7,1009.6,1013.3,1016.2,1015.6,1014.8,1013.1,1013.5,1017.3,1010.9,1018.3,1016.8,1017.3,1021.8,1019.9,1014.3,1016.7,1013.9,1015.2,1015.6,1018.5,1015.0,1015.3,1015.4,1013.6,1013.5,1013.7,1010.6,1015.9,1013.6,1019.7,1013.1,1013.5,1017.1,1019.5,1015.0,1023.1,1017.3,1023.6,1011.6,1013.5,1010.4,1019.0,1017.4,1014.3,1014.4,1015.2,1019.1,1014.6,1013.7,1023.2,1015.5,1016.9,1016.1,1014.8,1015.3,1014.5,1015.1,1012.0,1014.5,1011.8,1012.9,1013.9,,1013.2,1014.4,1013.6,1013.4,1015.6,1013.2,1011.5,1017.6,1016.9,1017.6,1013.4,1012.5,1014.2,1014.7,1014.4,1013.2,1024.4,1014.7,1012.4,1024.4,1014.1,1013.1,1014.7,1016.8,1017.9,1013.9,1013.1,1017.1,1021.0,1013.6,1013.6,1017.3,1014.6,1014.1,1022.4,1019.2,1013.3,1015.8,1016.9,1020.2,1013.7,1011.5,1015.0,1014.7,1017.3,1013.7,1014.4,1019.2,1017.4,1013.4,1016.6,1019.6,1012.8,1020.7,1016.9,1013.3,1013.1,1014.8,1013.1,1014.3,1019.5,1022.8,1016.9,1011.1
2024-07-04 17:10,1013.6,1017.4,,1013.3,1013.3,1013.2,1016.8,1013.5,,,1009.5,1013.3,,,1014.7,,1013.4,,,,,,1022.0,,1014.3,,1013.9,,,,,,1015.6,,,,1010.4,1016.0,1013.2,,1012.9,1013.8,,,1015.4,1023.5,,,1011.4,1013.6,1010.3,1019.2,1017.7,1013.7,1014.4,,1019.1,1014.6,,,1015.4,1017.1,1015.7,1015.0,1015.5,1014.3,1015.3,1012.3,,1011.7,1013.0,1014.4,1015.3,,1014.1,1013.4,1013.5,1015.8,1013.7,,1017.6,,,,1012.8,,1015.2,1014.9,,,1015.2,1012.9,1025.2,1014.0,1013.4,1015.3,1017.2,1017.9,1013.9,1013.1,1016.8,1021.0,1013.6,1013.7,,,,,1019.7,1013.5,,,1020.5,1013.5,1011.3,1015.1,1014.9,,1013.8,1014.3,1019.0,1017.5,1013.8,1016.7,1019.7,1012.9,1020.8,1017.1,1013.3,1013.2,1014.3,1013.6,1014.3,1019.5,1023.2,1017.2,1011.2
2024-07-04 18:20,1013.8,1017.7,1014.9,1013.4,1013.2,1013.9,1017.2,1013.6,1014.6,1013.2,1009.7,1013.7,1016.3,1016.0,1014.8,1013.6,1013.3,1017.7,1011.1,1018.3,1016.8,1017.3,1022.4,1019.9,1014.3,1017.1,1013.9,1015.4,1016.2,1019.5,1015.3,1015.4,1015.4,1013.7,1013.9,1014.0,1010.5,1016.5,1013.1,1020.2,1013.3,1014.0,1017.3,1019.6,1015.3,1023.8,1017.6,1023.8,1011.4,1013.7,1010.3,1019.2,1018.1,1013.6,1014.4,1015.3,1019.4,1014.8,1013.9,1023.6,1015.3,1017.3,1016.3,1015.1,1015.4,1014.7,1015.4,1013.0,1014.9,1011.7,1013.0,1014.4,1015.5,1013.7,1014.6,1013.6,1013.7,1016.3,1013.6,1011.7,1017.8,1017.7,1017.7,1013.6,1013.1,1014.7,1015.5,1014.7,1013.7,1024.8,1015.6,1013.4,1025.1,1014.1,1013.8,1015.8,1017.7,1018.1,1013.9,1013.2,1017.3,1021.1,1013.3,1013.7,1017.6,1015.4,1014.2,1022.8,1020.1,1013.4,1016.0,1016.9,1020.5,1013.2,1011.3,1015.0,1014.9,1017.5,1013.9,1014.3,1019.4,1017.2,1013.5,1016.6,1019.8,1013.3,1021.0,1017.0,1013.8,1013.3,1014.2,1013.5,1014.7,1019.6,1023.3,1017.6,1011.8
2024-07-04 19:20,1014.1,1018.0,1015.0,1013.7,1013.7,1014.8,1017.8,1014.4,1015.0,1014.0,1010.5,1014.0,1016.5,1016.3,1015.0,1013.8,1013.9,1018.3,1011.7,1018.4,1017.1,1017.6,1022.7,1020.5,1014.7,1017.8,1014.3,1015.8,1016.3,1020.1,1015.4,1015.6,1015.7,1014.0,1014.4,1014.4,1011.3,1017.4,1013.8,1020.6,1013.7,1014.3,1017.6,1019.8,1015.6,1024.1,1018.3,1024.1,1011.8,1014.0,1010.8,1019.8,1018.8,1014.8,1014.7,1015.7,1019.8,1015.0,1014.4,1024.0,1015.6,1017.9,1017.1,1015.4,1015.8,1015.3,1016.4,1013.5,1015.2,1012.0,1013.5,1014.9,1016.2,1014.2,1015.4,1014.2,1014.3,1017.2,1014.0,1012.3,1018.8,1018.4,1018.0,1014.1,1014.0,1015.1,1016.1,1014.7,1013.9,1025.1,1015.9,1014.4,1026.1,1014.7,1014.1,1016.1,1018.3,1018.6,1014.4,1013.7,1017.8,1021.6,1014.0,1014.3,1017.6,1016.3,1014.6,1023.2,1020.3,1013.6,1016.2,1017.2,1020.7,1014.1,1011.8,1015.4,1015.0,1017.8,1014.2,1014.7,1020.1,1017.8,1014.0,1016.7,1020.1,1014.1,1021.6,1017.1,1014.3,1013.7,1015.3,1013.6,1015.4,1020.1,1023.7,1018.1,1012.5
2024-07-04 20:20,1014.6,1018.4,1015.5,1014.4,1014.0,1015.4,1018.4,1014.8,1015.7,1014.7,1011.2,1014.4,1016.8,1016.7,1015.5,1014.5,1014.6,1019.0,1012.6,1018.9,1017.5,1018.1,1023.0,1021.2,1015.1,1018.4,1014.9,1016.5,1016.9,1020.7,1015.8,1016.3,1015.9,1014.7,1014.9,1015.0,1011.9,1017.9,1014.5,1020.8,1014.0,1014.9,1018.1,1020.1,1016.2,1024.5,1018.5,1024.6,1012.2,1014.6,1011.3,1020.2,1019.7,1015.1,1015.3,1016.0,1020.4,1015.7,1014.9,1024.5,1016.0,1018.4,1017.6,1016.1,1016.4,1016.1,1017.0,1014.1,1015.6,1012.5,1014.1,1015.5,1016.8,1014.7,1015.9,1014.7,1014.8,1017.9,1014.8,1013.0,1019.0,1019.0,1017.8,1014.7,1014.4,1015.3,1016.3,1015.5,1014.7,1025.5,1016.3,1015.1,1025.9,1015.2,1014.7,1016.5,1018.7,1019.1,1015.0,1014.3,1018.4,1022.0,1014.6,1014.7,1018.1,1016.9,1015.3,1023.3,1020.8,1014.6,1016.8,1017.6,1021.1,1014.6,1012.2,1015.9,1015.7,1018.0,1014.9,1015.2,1020.5,1018.2,1014.4,1017.3,1020.7,1014.8,1021.9,1017.7,1015.1,1014.3,1015.5,1014.6,1016.2,1020.4,1024.1,1018.5,1013.5
