Station,Aadorf / Tänikon,Adelboden,Aigle,Altdorf,Altenrhein,Andeer,Andermatt,Bantiger,Basel / Binningen,Bergün / Latsch,Bern / Zollikofen,Beznau,Biasca,Bischofszell / Sitterdorf,Bière,Boltigen,Buchs / Aarau,Buffalora,Cevio,Chasseral,Chaumont,Cimetta,Col du Grand St-Bernard,Crap Masegn,Davos,Einsiedeln,Engelberg,Evolène / Villa,Fahy,Fribourg / Grangeneuve,Frutigen,Genève / Cointrin,Glarus,Grenchen,Grono,Grächen,Gösgen,"Gütsch, Andermatt",Güttingen,Interlaken,La Brévine,La Dôle,Langnau i.E.,Les Attelas,Locarno / Monti,Lugano,Luzern,Magadino / Cadenazzo,Matro,Mottec,Möhlin,Neuchâtel,Nyon / Changins,Passo del Bernina,Payerne,"Pfäffikon, ZH",Piz Corvatsch,Pully,S. Bernardino,Samedan,Scuol,Simplon-Dorf,Sion,St. Chrischona,St. Gallen,Stabio,Thun,Uetliberg,Ulrichen,Vaduz,Vevey / Corseaux,Vicosoprano,Wynau,Wädenswil,Würenlingen / PSI,Zermatt,Zürich / Affoltern,Bad Ragaz,Chur,Château-d'Oex,Disentis,Ebnat-Kappel,Eggishorn,Grimsel Hospiz,Hallau,Hörnli,Jungfraujoch,La Chaux-de-Fonds,Le Moléson,Leibstadt,Lägern,Mathod,Monte Generoso,Mosen,Mühleberg,Naluns / Schlivera,Napf,Oron,Pilatus,Piotta,Piz Martegnas,Plaffeien,Poschiavo / Robbia,Rünenberg,Schaffhausen,"Sta. Maria, Val Müstair",Säntis,Titlis,Valbella,Visp,Acquarossa / Comprovasco,Arosa,"Blatten, Lötschental",Bullet / La Frétaz,Cham,Delémont,Elm,Evionnaz,Giswil,Gornergrat,Ilanz,Koppigen,Meiringen,Montana,Robièi,Salen-Reutenen,Segl-Maria,Vals,Weissfluhjoch
2024-06-27 16:50,5.0,9.0,5.0,3.0,7.0,10.0,3.0,8.0,10.0,3.0,10.0,0.0,7.0,0.0,2.0,10.0,10.0,10.0,8.0,7.0,5.0,10.0,10.0,0.0,0.0,8.0,0.0,3.0,4.0,10.0,5.0,0.0,2.0,10.0,0.0,9.0,10.0,2.0,0.0,10.0,8.0,0.0,10.0,10.0,10.0,10.0,4.0,10.0,9.0,0.0,5.0,9.0,0.0,2.0,10.0,0.0,10.0,10.0,4.0,10.0,1.0,8.0,10.0,8.0,10.0,10.0,10.0,10.0,4.0,1.0,10.0,9.0,10.0,9.0,0.0,2.0,0.0,,,,,,,,,,,,,,,,,,,,,,,,,,,,,,,,,,,,,,,,,,,,,,,,,,,,
2024-06-27 17:10,3.0,,,,,,,,,3.0,10.0,,2.0,0.0,,,10.0,,,9.0,,,10.0,,0.0,8.0,4.0,,,,,,,,,,,6.0,3.0,,,0.0,,,,,,10.0,7.0,9.0,,7.0,,,10.0,7.0,,10.0,,7.0,0.0,10.0,10.0,5.0,1.0,,10.0,8.0,7.0,,,10.0,,,10.0,,,0.0,3.0,10.0,5.0,10.0,9.0,8.0,1.0,8.0,0.0,2.0,10.0,5.0,10.0,10.0,10.0,10.0,10.0,4.0,10.0,10.0,0.0,5.0,10.0,10.0,6.0,0.0,0.0,10.0,1.0,0.0,1.0,10.0,,,,,,,,,,,,,,,,,,,
2024-06-27 17:20,8.0,3.0,10.0,1.0,0.0,8.0,9.0,9.0,10.0,9.0,10.0,10.0,10.0,0.0,3.0,10.0,10.0,0.0,4.0,10.0,2.0,10.0,3.0,7.0,0.0,10.0,1.0,1.0,9.0,10.0,6.0,0.0,3.0,10.0,1.0,7.0,10.0,9.0,0.0,10.0,10.0,0.0,9.0,10.0,10.0,10.0,7.0,10.0,10.0,9.0,10.0,5.0,0.0,10.0,10.0,8.0,10.0,10.0,0.0,10.0,0.0,7.0,10.0,10.0,2.0,10.0,10.0,9.0,7.0,2.0,10.0,10.0,2.0,10.0,10.0,1.0,5.0,3.0,0.0,10.0,6.0,10.0,9.0,10.0,3.0,9.0,0.0,10.0,10.0,9.0,10.0,5.0,10.0,10.0,10.0,2.0,10.0,10.0,2.0,10.0,6.0,10.0,10.0,1.0,1.0,10.0,2.0,1.0,5.0,9.0,2.0,10.0,10.0,10.0,6.0,9.0,1.0,0.0,1.0,10.0,0.0,9.0,9.0,10.0,6.0,0.0,9.0,0.0,2.0
2024-06-27 18:20,2.0,7.0,0.0,0.0,5.0,8.0,0.0,10.0,7.0,7.0,5.0,7.0,3.0,7.0,0.0,10.0,10.0,10.0,0.0,10.0,10.0,10.0,0.0,4.0,0.0,10.0,8.0,0.0,8.0,5.0,4.0,0.0,0.0,10.0,5.0,8.0,10.0,2.0,10.0,6.0,0.0,0.0,10.0,0.0,10.0,10.0,0.0,10.0,10.0,0.0,8.0,7.0,0.0,10.0,10.0,10.0,5.0,0.0,2.0,4.0,5.0,4.0,0.0,6.0,8.0,10.0,10.0,10.0,10.0,5.0,0.0,0.0,10.0,10.0,10.0,0.0,10.0,10.0,5.0,10.0,10.0,10.0,5.0,8.0,10.0,10.0,0.0,7.0,10.0,10.0,9.0,10.0,10.0,10.0,10.0,5.0,7.0,10.0,5.0,10.0,6.0,10.0,3.0,10.0,10.0,10.0,0.0,0.0,9.0,10.0,5.0,5.0,4.0,7.0,10.0,10.0,0.0,0.0,9.0,3.0,10.0,10.0,10.0,0.0,10.0,9.0,0.0,6.0,0.0
2024-06-27 19:20,10.0,0.0,0.0,0.0,10.0,0.0,0.0,10.0,10.0,0.0,10.0,10.0,0.0,10.0,10.0,7.0,10.0,6.0,0.0,5.0,0.0,10.0,0.0,6.0,0.0,10.0,0.0,0.0,0.0,4.0,0.0,10.0,2.0,8.0,0.0,0.0,7.0,7.0,10.0,10.0,0.0,1.0,10.0,0.0,6.0,10.0,2.0,10.0,10.0,0.0,10.0,0.0,2.0,4.0,10.0,10.0,0.0,7.0,0.0,1.0,0.0,0.0,0.0,8.0,10.0,0.0,0.0,10.0,5.0,1.0,3.0,4.0,1.0,10.0,10.0,0.0,10.0,0.0,0.0,0.0,0.0,10.0,2.0,0.0,10.0,10.0,0.0,0.0,8.0,10.0,10.0,5.0,3.0,10.0,0.0,0.0,7.0,7.0,4.0,10.0,0.0,8.0,0.0,10.0,10.0,0.0,0.0,0.0,0.0,0.0,10.0,0.0,0.0,10.0,10.0,0.0,0.0,0.0,7.0,0.0,2.0,10.0,6.0,0.0,0.0,10.0,0.0,0.0,0.0
2024-06-27 20:20,6.0,0.0,0.0,0.0,7.0,0.0,0.0,0.0,1.0,0.0,0.0,5.0,0.0,5.0,10.0,0.0,2.0,0.0,0.0,0.0,0.0,3.0,0.0,0.0,0.0,4.0,0.0,0.0,0.0,10.0,0.0,9.0,0.0,0.0,0.0,0.0,7.0,0.0,5.0,5.0,0.0,0.0,0.0,0.0,0.0,0.0,6.0,4.0,10.0,0.0,0.0,2.0,0.0,0.0,10.0,6.0,0.0,1.0,0.0,0.0,0.0,0.0,0.0,1.0,7.0,0.0,2.0,0.0,,0.0,0.0,0.0,4.0,0.0,9.0,0.0,3.0,0.0,0.0,0.0,0.0,10.0,7.0,0.0,10.0,2.0,0.0,0.0,9.0,10.0,10.0,5.0,2.0,10.0,2.0,0.0,0.0,5.0,4.0,0.0,10.0,10.0,0.0,0.0,0.0,0.0,0.0,0.0,0.0,10.0,0.0,0.0,0.0,0.0,3.0,0.0,0.0,0.0,0.0,10.0,0.0,0.0,0.0,0.0,0.0,0.0,0.0,0.0,6.0
2024-06-28 08:20,8.0,2.0,10.0,0.0,1.0,0.0,10.0,10.0,8.0,10.0,10.0,0.0,0.0,0.0,10.0,10.0,2.0,0.0,0.0,10.0,,10.0,9.0,10.0,8.0,9.0,0.0,10.0,7.0,0.0,10.0,10.0,10.0,0.0,0.0,10.0,3.0,8.0,9.0,1.0,10.0,10.0,8.0,10.0,10.0,9.0,0.0,10.0,10.0,0.0,4.0,3.0,10.0,10.0,8.0,10.0,9.0,9.0,10.0,8.0,0.0,10.0,10.0,10.0,3.0,10.0,10.0,10.0,10.0,2.0,6.0,10.0,10.0,10.0,0.0,10.0,10.0,2.0,8.0,10.0,4.0,10.0,10.0,10.0,10.0,1.0,5.0,10.0,10.0,2.0,10.0,10.0,10.0,0.0,10.0,1.0,10.0,8.0,0.0,10.0,10.0,1.0,0.0,10.0,10.0,10.0,7.0,0.0,10.0,8.0,0.0,10.0,6.0,2.0,1.0,3.0,0.0,0.0,0.0,10.0,10.0,10.0,8.0,6.0,10.0,4.0,10.0,0.0,6.0
2024-06-28 09:10,10.0,,10.0,,,10.0,,,,10.0,,,,,10.0,8.0,,9.0,0.0,10.0,10.0,10.0,10.0,5.0,,,7.0,10.0,0.0,6.0,4.0,10.0,0.0,,,10.0,,,0.0,,10.0,10.0,10.0,,,10.0,,10.0,10.0,0.0,7.0,6.0,,,,,,,,,7.0,,10.0,2.0,,,0.0,,,,10.0,10.0,5.0,,10.0,,10.0,10.0,10.0,5.0,10.0,10.0,,10.0,,,8.0,10.0,,5.0,10.0,,10.0,10.0,10.0,,10.0,10.0,,10.0,1.0,,10.0,10.0,9.0,6.0,,,10.0,,,10.0,10.0,10.0,9.0,7.0,,10.0,10.0,10.0,,8.0,10.0,,,10.0,,,
2024-06-28 10:20,10.0,2.0,10.0,10.0,9.0,10.0,10.0,10.0,1.0,10.0,10.0,6.0,10.0,10.0,10.0,5.0,10.0,10.0,10.0,2.0,3.0,10.0,10.0,8.0,0.0,10.0,9.0,10.0,8.0,10.0,4.0,10.0,9.0,4.0,10.0,10.0,9.0,10.0,9.0,10.0,0.0,7.0,4.0,10.0,10.0,10.0,10.0,10.0,10.0,10.0,1.0,3.0,10.0,10.0,9.0,10.0,10.0,10.0,10.0,10.0,10.0,10.0,10.0,9.0,8.0,10.0,4.0,10.0,10.0,5.0,10.0,10.0,10.0,10.0,3.0,10.0,10.0,10.0,10.0,6.0,10.0,10.0,3.0,10.0,10.0,10.0,10.0,3.0,5.0,9.0,10.0,9.0,10.0,10.0,10.0,3.0,8.0,10.0,8.0,10.0,6.0,10.0,10.0,3.0,10.0,9.0,5.0,10.0,10.0,10.0,10.0,10.0,10.0,5.0,10.0,10.0,5.0,10.0,10.0,10.0,10.0,8.0,10.0,10.0,10.0,8.0,10.0,9.0,10.0
2024-06-28 11:10,,10.0,,10.0,10.0,10.0,10.0,10.0,,10.0,,2.0,,,7.0,,,9.0,10.0,0.0,4.0,10.0,10.0,3.0,9.0,10.0,8.0,10.0,,10.0,,10.0,7.0,10.0,10.0,10.0,10.0,,,,,8.0,9.0,,10.0,10.0,10.0,,10.0,,,10.0,10.0,10.0,,,,,,,,,,10.0,,,10.0,10.0,10.0,,10.0,,10.0,,2.0,,,4.0,8.0,10.0,10.0,,6.0,10.0,10.0,9.0,10.0,,6.0,10.0,8.0,3.0,10.0,10.0,,6.0,,,8.0,10.0,,,10.0,,,,,7.0,10.0,,10.0,1.0,4.0,0.0,10.0,10.0,10.0,,10.0,10.0,10.0,,10.0,10.0,10.0,10.0,,,
2024-06-28 12:20,10.0,6.0,8.0,9.0,10.0,10.0,10.0,10.0,8.0,10.0,10.0,10.0,10.0,10.0,10.0,5.0,0.0,6.0,10.0,4.0,0.0,10.0,10.0,0.0,10.0,10.0,9.0,10.0,10.0,6.0,10.0,10.0,10.0,10.0,10.0,10.0,9.0,10.0,10.0,6.0,8.0,10.0,10.0,9.0,10.0,10.0,10.0,10.0,7.0,7.0,10.0,0.0,10.0,10.0,3.0,10.0,10.0,10.0,7.0,9.0,8.0,10.0,10.0,9.0,10.0,10.0,10.0,0.0,10.0,6.0,10.0,10.0,10.0,10.0,9.0,10.0,9.0,10.0,10.0,10.0,7.0,10.0,6.0,10.0,10.0,10.0,7.0,6.0,10.0,10.0,10.0,0.0,10.0,5.0,10.0,3.0,10.0,10.0,9.0,10.0,7.0,6.0,10.0,8.0,10.0,6.0,3.0,5.0,10.0,1.0,10.0,6.0,7.0,10.0,10.0,10.0,10.0,10.0,10.0,9.0,10.0,10.0,10.0,10.0,10.0,10.0,10.0,10.0,1.0
2024-06-28 13:10,10.0,10.0,9.0,10.0,10.0,10.0,10.0,2.0,1.0,9.0,0.0,1.0,10.0,10.0,10.0,7.0,10.0,8.0,10.0,0.0,0.0,10.0,9.0,7.0,1.0,10.0,8.0,9.0,10.0,4.0,9.0,10.0,10.0,8.0,10.0,10.0,0.0,10.0,10.0,10.0,10.0,5.0,10.0,0.0,10.0,10.0,10.0,10.0,5.0,2.0,4.0,0.0,10.0,5.0,3.0,10.0,10.0,10.0,10.0,8.0,10.0,10.0,10.0,8.0,10.0,10.0,4.0,0.0,10.0,10.0,10.0,6.0,10.0,10.0,0.0,1.0,10.0,10.0,9.0,10.0,7.0,10.0,6.0,10.0,10.0,6.0,8.0,10.0,10.0,10.0,2.0,0.0,10.0,6.0,7.0,9.0,10.0,10.0,2.0,10.0,3.0,10.0,10.0,0.0,9.0,9.0,2.0,4.0,7.0,10.0,10.0,4.0,7.0,9.0,10.0,3.0,5.0,10.0,7.0,5.0,10.0,10.0,10.0,10.0,10.0,10.0,6.0,10.0,0.0
2024-06-28 14:30,7.0,4.0,9.0,10.0,10.0,10.0,10.0,10.0,2.0,10.0,10.0,0.0,10.0,10.0,4.0,10.0,0.0,10.0,10.0,2.0,0.0,10.0,10.0,9.0,5.0,10.0,7.0,2.0,9.0,7.0,3.0,10.0,10.0,10.0,10.0,7.0,0.0,9.0,4.0,10.0,2.0,2.0,6.0,1.0,10.0,10.0,10.0,10.0,10.0,0.0,0.0,4.0,0.0,9.0,8.0,3.0,6.0,7.0,10.0,4.0,6.0,7.0,10.0,3.0,10.0,10.0,10.0,0.0,8.0,7.0,9.0,10.0,9.0,10.0,0.0,3.0,0.0,10.0,10.0,10.0,2.0,10.0,7.0,10.0,10.0,10.0,2.0,4.0,7.0,7.0,0.0,0.0,8.0,0.0,10.0,10.0,9.0,10.0,1.0,10.0,4.0,9.0,10.0,0.0,10.0,10.0,7.0,0.0,10.0,10.0,8.0,5.0,0.0,6.0,8.0,5.0,10.0,10.0,2.0,8.0,10.0,10.0,10.0,5.0,10.0,9.0,2.0,10.0,4.0
2024-06-28 15:10,0.0,1.0,8.0,10.0,3.0,10.0,10.0,5.0,10.0,3.0,7.0,0.0,10.0,0.0,10.0,10.0,0.0,10.0,10.0,0.0,2.0,10.0,10.0,10.0,7.0,10.0,3.0,10.0,4.0,9.0,5.0,10.0,9.0,10.0,10.0,3.0,0.0,6.0,4.0,9.0,3.0,2.0,5.0,9.0,10.0,10.0,10.0,10.0,9.0,1.0,0.0,1.0,10.0,4.0,7.0,0.0,3.0,9.0,10.0,8.0,3.0,2.0,10.0,1.0,0.0,10.0,7.0,0.0,3.0,10.0,9.0,10.0,10.0,6.0,0.0,2.0,0.0,10.0,9.0,6.0,1.0,0.0,8.0,5.0,7.0,0.0,8.0,8.0,10.0,10.0,0.0,0.0,10.0,1.0,0.0,10.0,10.0,10.0,0.0,5.0,5.0,9.0,10.0,0.0,9.0,4.0,6.0,0.0,10.0,9.0,6.0,6.0,0.0,1.0,0.0,1.0,10.0,10.0,0.0,10.0,10.0,10.0,3.0,9.0,6.0,10.0,3.0,10.0,3.0
2024-06-28 16:20,0.0,4.0,10.0,10.0,0.0,0.0,5.0,1.0,10.0,10.0,0.0,10.0,6.0,0.0,1.0,10.0,0.0,10.0,9.0,0.0,1.0,10.0,5.0,4.0,10.0,10.0,7.0,10.0,6.0,10.0,1.0,10.0,8.0,10.0,10.0,4.0,1.0,10.0,0.0,8.0,9.0,0.0,0.0,10.0,10.0,10.0,0.0,10.0,10.0,6.0,10.0,8.0,8.0,9.0,10.0,5.0,4.0,10.0,10.0,7.0,10.0,8.0,10.0,9.0,0.0,10.0,8.0,5.0,10.0,10.0,10.0,9.0,0.0,10.0,10.0,0.0,0.0,10.0,10.0,10.0,2.0,10.0,10.0,8.0,10.0,4.0,4.0,8.0,10.0,10.0,0.0,0.0,10.0,9.0,0.0,10.0,6.0,10.0,1.0,2.0,9.0,10.0,10.0,10.0,10.0,10.0,10.0,2.0,10.0,10.0,7.0,8.0,0.0,4.0,10.0,4.0,3.0,7.0,0.0,7.0,1.0,6.0,10.0,3.0,5.0,0.0,7.0,9.0,8.0
2024-06-28 17:10,7.0,2.0,10.0,10.0,0.0,4.0,1.0,0.0,10.0,10.0,4.0,10.0,6.0,0.0,10.0,5.0,0.0,10.0,2.0,5.0,4.0,10.0,10.0,4.0,10.0,10.0,1.0,9.0,10.0,0.0,1.0,1.0,10.0,0.0,10.0,0.0,0.0,4.0,8.0,4.0,3.0,9.0,0.0,10.0,10.0,10.0,0.0,10.0,10.0,9.0,10.0,0.0,10.0,10.0,0.0,0.0,4.0,10.0,10.0,5.0,10.0,6.0,10.0,6.0,0.0,10.0,4.0,0.0,7.0,10.0,10.0,10.0,1.0,3.0,10.0,2.0,0.0,10.0,9.0,10.0,5.0,10.0,10.0,9.0,10.0,0.0,9.0,2.0,10.0,10.0,5.0,3.0,10.0,0.0,0.0,9.0,0.0,10.0,0.0,10.0,0.0,6.0,3.0,7.0,10.0,3.0,5.0,1.0,10.0,9.0,8.0,6.0,0.0,4.0,7.0,1.0,0.0,10.0,0.0,0.0,10.0,0.0,2.0,10.0,0.0,10.0,2.0,10.0,3.0
2024-06-28 18:20,,1.0,0.0,0.0,0.0,4.0,10.0,,4.0,10.0,0.0,10.0,,,0.0,,9.0,8.0,,,0.0,,,,,,0.0,,,9.0,3.0,,,,,,,,,0.0,10.0,,0.0,0.0,,10.0,,10.0,10.0,,8.0,,0.0,0.0,7.0,0.0,10.0,0.0,3.0,,,0.0,,9.0,0.0,10.0,0.0,0.0,8.0,7.0,0.0,,,,10.0,,,,,0.0,0.0,0.0,10.0,,,,10.0,,0.0,10.0,5.0,0.0,7.0,0.0,,,3.0,,0.0,10.0,9.0,8.0,,10.0,10.0,7.0,0.0,0.0,0.0,1.0,,1.0,3.0,,,,,,,0.0,,3.0,0.0,0.0,,,,,
2024-06-28 19:20,10.0,0.0,0.0,0.0,10.0,0.0,0.0,0.0,10.0,0.0,0.0,10.0,0.0,10.0,0.0,0.0,10.0,10.0,0.0,7.0,0.0,0.0,0.0,0.0,0.0,0.0,0.0,0.0,5.0,0.0,0.0,0.0,0.0,0.0,0.0,0.0,10.0,0.0,10.0,0.0,0.0,0.0,0.0,0.0,0.0,0.0,0.0,0.0,10.0,0.0,10.0,0.0,0.0,4.0,0.0,10.0,10.0,0.0,0.0,1.0,4.0,0.0,0.0,10.0,10.0,0.0,0.0,10.0,0.0,0.0,0.0,8.0,0.0,10.0,10.0,0.0,10.0,10.0,0.0,0.0,0.0,3.0,0.0,0.0,10.0,10.0,0.0,0.0,0.0,10.0,10.0,0.0,5.0,6.0,0.0,10.0,0.0,0.0,0.0,0.0,3.0,0.0,0.0,10.0,10.0,9.0,0.0,0.0,0.0,0.0,6.0,0.0,0.0,0.0,10.0,0.0,0.0,0.0,0.0,0.0,0.0,0.0,0.0,0.0,0.0,10.0,3.0,0.0,4.0
2024-06-28 20:20,4.0,0.0,0.0,0.0,8.0,0.0,0.0,0.0,0.0,0.0,0.0,0.0,0.0,10.0,0.0,0.0,0.0,0.0,0.0,0.0,0.0,0.0,0.0,0.0,0.0,0.0,0.0,0.0,0.0,0.0,0.0,0.0,0.0,0.0,0.0,0.0,0.0,0.0,10.0,0.0,0.0,0.0,0.0,0.0,0.0,0.0,0.0,0.0,0.0,0.0,0.0,0.0,0.0,0.0,0.0,0.0,0.0,0.0,0.0,0.0,0.0,0.0,0.0,0.0,10.0,0.0,0.0,0.0,0.0,0.0,0.0,0.0,0.0,0.0,0.0,0.0,0.0,0.0,0.0,0.0,0.0,0.0,0.0,0.0,8.0,4.0,0.0,0.0,0.0,0.0,0.0,0.0,0.0,0.0,0.0,0.0,0.0,0.0,0.0,0.0,0.0,0.0,0.0,0.0,0.0,0.0,0.0,0.0,0.0,0.0,0.0,0.0,0.0,0.0,0.0,0.0,0.0,0.0,0.0,0.0,0.0,0.0,0.0,0.0,0.0,10.0,0.0,0.0,0.0
2024-06-29 08:20,8.0,10.0,9.0,10.0,0.0,0.0,10.0,10.0,10.0,10.0,10.0,0.0,0.0,7.0,3.0,10.0,0.0,10.0,0.0,10.0,10.0,4.0,0.0,10.0,10.0,9.0,10.0,4.0,10.0,10.0,10.0,1.0,2.0,8.0,0.0,10.0,0.0,9.0,5.0,10.0,6.0,0.0,10.0,1.0,7.0,8.0,10.0,9.0,2.0,0.0,0.0,10.0,9.0,9.0,0.0,3.0,10.0,7.0,7.0,10.0,10.0,0.0,4.0,8.0,8.0,10.0,10.0,1.0,6.0,10.0,10.0,8.0,0.0,10.0,1.0,6.0,2.0,10.0,10.0,10.0,10.0,9.0,4.0,2.0,0.0,10.0,10.0,10.0,10.0,0.0,1.0,10.0,4.0,7.0,10.0,10.0,10.0,10.0,10.0,0.0,10.0,10.0,0.0,10.0,1.0,10.0,10.0,10.0,10.0,10.0,0.0,10.0,10.0,8.0,1.0,0.0,0.0,0.0,10.0,10.0,10.0,10.0,10.0,10.0,4.0,7.0,10.0,0.0,10.0
2024-06-29 09:10,,,0.0,,,10.0,5.0,10.0,10.0,10.0,,,,10.0,0.0,10.0,10.0,10.0,0.0,10.0,10.0,0.0,0.0,10.0,10.0,10.0,10.0,6.0,,,10.0,0.0,10.0,10.0,0.0,7.0,0.0,9.0,6.0,10.0,,10.0,10.0,,0.0,10.0,,2.0,3.0,0.0,8.0,10.0,10.0,,0.0,2.0,5.0,10.0,5.0,10.0,10.0,1.0,2.0,10.0,10.0,,10.0,10.0,10.0,,0.0,,5.0,,10.0,,10.0,10.0,10.0,,,10.0,1.0,10.0,0.0,10.0,10.0,10.0,10.0,9.0,10.0,6.0,10.0,10.0,10.0,10.0,10.0,10.0,10.0,,10.0,10.0,10.0,10.0,7.0,10.0,10.0,,,2.0,,,10.0,10.0,10.0,,,4.0,,9.0,10.0,9.0,10.0,0.0,0.0,9.0,9.0,0.0,
2024-06-29 10:20,10.0,10.0,,,10.0,10.0,1.0,10.0,10.0,,10.0,,2.0,10.0,,,,10.0,0.0,10.0,10.0,0.0,0.0,10.0,10.0,10.0,10.0,0.0,10.0,10.0,10.0,0.0,10.0,10.0,9.0,,10.0,,,10.0,10.0,4.0,10.0,0.0,6.0,10.0,10.0,7.0,10.0,,,10.0,0.0,10.0,,10.0,10.0,2.0,4.0,10.0,10.0,0.0,2.0,10.0,10.0,,10.0,,7.0,10.0,0.0,9.0,10.0,10.0,10.0,0.0,,,10.0,,6.0,10.0,0.0,9.0,10.0,,10.0,10.0,10.0,10.0,10.0,5.0,0.0,10.0,,10.0,,7.0,,4.0,9.0,10.0,10.0,10.0,10.0,10.0,10.0,10.0,10.0,,0.0,10.0,10.0,8.0,,10.0,10.0,0.0,10.0,8.0,10.0,10.0,5.0,10.0,0.0,10.0,10.0,4.0,10.0
2024-06-29 11:00,10.0,9.0,0.0,10.0,10.0,10.0,8.0,,10.0,,10.0,10.0,6.0,10.0,1.0,10.0,10.0,10.0,0.0,10.0,,0.0,,2.0,4.0,10.0,,0.0,,,,,,,8.0,,,,10.0,,1.0,,,0.0,1.0,,10.0,6.0,7.0,0.0,10.0,10.0,1.0,10.0,10.0,,10.0,0.0,2.0,10.0,10.0,0.0,0.0,,10.0,9.0,7.0,,0.0,10.0,0.0,10.0,10.0,10.0,,0.0,10.0,10.0,10.0,0.0,,,,4.0,,,0.0,7.0,0.0,10.0,,0.0,,10.0,10.0,10.0,10.0,0.0,10.0,2.0,10.0,10.0,10.0,10.0,10.0,10.0,10.0,10.0,10.0,3.0,,10.0,10.0,,10.0,,10.0,,10.0,,10.0,,10.0,0.0,0.0,10.0,10.0,4.0,7.0
2024-06-29 12:20,,0.0,0.0,0.0,10.0,7.0,7.0,0.0,10.0,10.0,0.0,10.0,3.0,10.0,0.0,0.0,,10.0,0.0,10.0,,0.0,0.0,9.0,9.0,10.0,0.0,0.0,0.0,,0.0,0.0,,0.0,,0.0,9.0,1.0,10.0,0.0,0.0,0.0,,,0.0,,10.0,2.0,0.0,0.0,10.0,,,10.0,1.0,,10.0,0.0,2.0,10.0,6.0,0.0,,,10.0,,0.0,10.0,0.0,10.0,0.0,8.0,,10.0,10.0,0.0,10.0,,,,1.0,,,0.0,10.0,10.0,0.0,10.0,0.0,,10.0,0.0,0.0,10.0,10.0,6.0,6.0,0.0,10.0,5.0,0.0,0.0,10.0,,9.0,10.0,,0.0,10.0,0.0,4.0,,,,,,7.0,0.0,,0.0,6.0,9.0,,0.0,0.0,10.0,,3.0,7.0
2024-06-29 13:00,10.0,0.0,0.0,0.0,10.0,0.0,0.0,0.0,0.0,5.0,0.0,10.0,0.0,10.0,0.0,0.0,10.0,10.0,0.0,0.0,,0.0,0.0,1.0,10.0,0.0,0.0,0.0,0.0,0.0,0.0,0.0,1.0,4.0,0.0,0.0,4.0,0.0,10.0,0.0,0.0,0.0,0.0,0.0,0.0,0.0,0.0,0.0,0.0,0.0,7.0,4.0,0.0,10.0,0.0,8.0,,0.0,0.0,10.0,10.0,0.0,0.0,0.0,10.0,0.0,0.0,,0.0,5.0,0.0,7.0,8.0,0.0,,0.0,5.0,0.0,3.0,0.0,0.0,10.0,,0.0,10.0,10.0,0.0,,0.0,10.0,,0.0,0.0,,0.0,10.0,0.0,0.0,0.0,0.0,1.0,0.0,10.0,10.0,10.0,9.0,10.0,0.0,9.0,0.0,0.0,1.0,0.0,0.0,,,0.0,0.0,0.0,0.0,0.0,1.0,0.0,0.0,0.0,10.0,8.0,0.0,3.0
2024-06-29 14:30,0.0,0.0,0.0,0.0,0.0,0.0,0.0,0.0,0.0,,0.0,0.0,0.0,0.0,0.0,0.0,0.0,0.0,0.0,0.0,0.0,,0.0,,0.0,0.0,0.0,0.0,0.0,0.0,,0.0,,0.0,,0.0,0.0,0.0,,0.0,0.0,,,0.0,0.0,0.0,0.0,0.0,0.0,0.0,0.0,,0.0,0.0,0.0,0.0,0.0,0.0,0.0,0.0,,,,0.0,0.0,,0.0,0.0,0.0,0.0,,,0.0,0.0,0.0,0.0,0.0,0.0,0.0,0.0,,0.0,0.0,0.0,0.0,0.0,0.0,0.0,0.0,0.0,0.0,0.0,0.0,0.0,,,0.0,,0.0,0.0,0.0,,0.0,0.0,0.0,,0.0,0.0,0.0,,0.0,,,0.0,,0.0,0.0,0.0,0.0,0.0,,,0.0,0.0,0.0,,0.0,0.0,
2024-06-29 15:10,0.0,,,0.0,0.0,,,0.0,0.0,,,0.0,,,0.0,,,,0.0,,0.0,0.0,0.0,,0.0,0.0,,,0.0,0.0,0.0,0.0,,,,,0.0,0.0,0.0,0.0,,0.0,0.0,,,,0.0,0.0,,5.0,0.0,0.0,,0.0,0.0,,0.0,0.0,0.0,,,,,0.0,0.0,,,0.0,0.0,0.0,0.0,,,0.0,0.0,,0.0,0.0,0.0,,,0.0,0.0,0.0,0.0,0.0,0.0,0.0,,0.0,0.0,0.0,0.0,0.0,,,0.0,0.0,0.0,0.0,0.0,0.0,,,0.0,,,,0.0,,,,0.0,0.0,0.0,,,1.0,0.0,1.0,0.0,0.0,0.0,,,0.0,0.0,,
2024-06-29 16:20,0.0,0.0,0.0,0.0,0.0,5.0,0.0,0.0,0.0,0.0,0.0,0.0,2.0,0.0,0.0,0.0,0.0,0.0,0.0,0.0,0.0,0.0,0.0,0.0,0.0,0.0,0.0,0.0,0.0,0.0,0.0,0.0,0.0,0.0,0.0,0.0,0.0,0.0,0.0,0.0,0.0,0.0,0.0,0.0,0.0,0.0,0.0,0.0,4.0,0.0,0.0,0.0,0.0,0.0,0.0,0.0,0.0,0.0,3.0,0.0,0.0,0.0,0.0,0.0,0.0,0.0,0.0,0.0,0.0,0.0,0.0,3.0,0.0,0.0,0.0,0.0,0.0,0.0,0.0,0.0,0.0,0.0,0.0,0.0,0.0,0.0,0.0,0.0,0.0,0.0,0.0,0.0,0.0,0.0,0.0,0.0,0.0,0.0,0.0,0.0,0.0,0.0,0.0,0.0,0.0,0.0,0.0,5.0,0.0,0.0,3.0,0.0,0.0,0.0,0.0,0.0,0.0,0.0,0.0,0.0,0.0,0.0,0.0,0.0,0.0,0.0,0.0,3.0,0.0
2024-06-29 17:10,,,0.0,,0.0,0.0,0.0,0.0,0.0,0.0,,,,,0.0,0.0,0.0,,0.0,0.0,,0.0,0.0,,0.0,,0.0,,0.0,0.0,,0.0,0.0,,0.0,0.0,0.0,0.0,0.0,0.0,0.0,,0.0,,0.0,0.0,0.0,0.0,0.0,0.0,0.0,0.0,0.0,0.0,,0.0,6.0,0.0,,,0.0,,,,,0.0,,0.0,,0.0,0.0,,,0.0,0.0,0.0,,0.0,0.0,0.0,,0.0,,0.0,0.0,0.0,0.0,0.0,0.0,0.0,0.0,0.0,,0.0,,0.0,,0.0,,0.0,,,,0.0,,0.0,,0.0,,0.0,,2.0,0.0,,,,,0.0,,0.0,0.0,,0.0,,0.0,,0.0,0.0,0.0
2024-06-29 18:20,0.0,0.0,0.0,0.0,0.0,0.0,0.0,0.0,0.0,0.0,0.0,0.0,0.0,0.0,10.0,0.0,0.0,0.0,0.0,0.0,0.0,0.0,0.0,0.0,0.0,0.0,0.0,0.0,0.0,0.0,0.0,8.0,0.0,0.0,0.0,0.0,0.0,0.0,0.0,0.0,0.0,1.0,0.0,0.0,0.0,0.0,0.0,0.0,0.0,0.0,0.0,0.0,10.0,0.0,0.0,0.0,0.0,4.0,0.0,0.0,0.0,0.0,0.0,0.0,0.0,0.0,0.0,0.0,0.0,0.0,9.0,0.0,0.0,0.0,0.0,0.0,0.0,0.0,0.0,4.0,0.0,0.0,0.0,0.0,0.0,0.0,0.0,0.0,9.0,0.0,0.0,3.0,3.0,0.0,0.0,0.0,0.0,7.0,0.0,0.0,0.0,0.0,0.0,0.0,0.0,0.0,0.0,0.0,0.0,0.0,0.0,0.0,0.0,0.0,0.0,0.0,0.0,4.0,0.0,0.0,0.0,0.0,0.0,0.0,0.0,0.0,0.0,0.0,0.0
2024-06-29 19:10,0.0,0.0,0.0,0.0,0.0,0.0,0.0,0.0,0.0,1.0,3.0,0.0,0.0,0.0,0.0,2.0,0.0,0.0,0.0,10.0,3.0,0.0,0.0,0.0,0.0,0.0,0.0,0.0,0.0,4.0,0.0,1.0,0.0,0.0,0.0,0.0,0.0,0.0,0.0,0.0,2.0,2.0,0.0,0.0,0.0,1.0,0.0,0.0,0.0,0.0,0.0,4.0,1.0,0.0,10.0,0.0,0.0,5.0,0.0,0.0,0.0,0.0,0.0,0.0,0.0,0.0,0.0,0.0,0.0,0.0,8.0,0.0,0.0,0.0,0.0,0.0,0.0,0.0,0.0,3.0,0.0,0.0,0.0,0.0,0.0,0.0,0.0,0.0,7.0,0.0,0.0,10.0,1.0,0.0,0.0,0.0,0.0,4.0,0.0,0.0,2.0,4.0,0.0,0.0,0.0,0.0,0.0,0.0,0.0,0.0,0.0,0.0,0.0,10.0,0.0,0.0,0.0,0.0,0.0,0.0,0.0,0.0,0.0,1.0,0.0,0.0,0.0,0.0,0.0
2024-06-29 20:20,0.0,0.0,0.0,0.0,0.0,0.0,0.0,0.0,0.0,0.0,0.0,0.0,0.0,0.0,0.0,0.0,0.0,4.0,0.0,0.0,0.0,0.0,0.0,0.0,0.0,0.0,0.0,0.0,0.0,0.0,0.0,0.0,0.0,0.0,0.0,0.0,0.0,0.0,0.0,0.0,0.0,0.0,0.0,0.0,0.0,0.0,0.0,0.0,0.0,0.0,0.0,0.0,0.0,0.0,0.0,0.0,1.0,0.0,0.0,0.0,0.0,0.0,0.0,0.0,0.0,0.0,0.0,0.0,0.0,0.0,0.0,0.0,0.0,0.0,0.0,0.0,0.0,0.0,0.0,0.0,0.0,0.0,0.0,0.0,0.0,0.0,0.0,0.0,0.0,0.0,0.0,0.0,0.0,2.0,0.0,0.0,0.0,0.0,0.0,0.0,0.0,0.0,0.0,0.0,0.0,0.0,0.0,0.0,0.0,0.0,0.0,0.0,0.0,0.0,0.0,0.0,0.0,0.0,0.0,0.0,0.0,1.0,0.0,0.0,0.0,0.0,0.0,0.0,0.0
2024-06-30 08:20,1.0,0.0,0.0,0.0,0.0,0.0,0.0,6.0,0.0,10.0,10.0,3.0,0.0,0.0,0.0,0.0,1.0,1.0,,9.0,9.0,1.0,3.0,0.0,10.0,6.0,4.0,1.0,1.0,10.0,7.0,0.0,0.0,4.0,0.0,2.0,6.0,0.0,0.0,0.0,3.0,0.0,0.0,0.0,2.0,0.0,1.0,7.0,3.0,0.0,0.0,2.0,0.0,0.0,9.0,0.0,1.0,0.0,0.0,0.0,6.0,0.0,0.0,0.0,0.0,5.0,0.0,0.0,0.0,0.0,0.0,0.0,10.0,0.0,6.0,0.0,0.0,0.0,0.0,0.0,3.0,0.0,0.0,0.0,0.0,4.0,0.0,1.0,0.0,10.0,0.0,0.0,0.0,0.0,10.0,5.0,1.0,0.0,0.0,2.0,2.0,0.0,0.0,5.0,0.0,0.0,0.0,0.0,0.0,0.0,0.0,3.0,0.0,0.0,0.0,10.0,0.0,0.0,0.0,0.0,0.0,8.0,6.0,0.0,,0.0,10.0,0.0,10.0
2024-06-30 09:10,0.0,,,,0.0,5.0,,0.0,,,1.0,10.0,0.0,2.0,6.0,0.0,,2.0,,2.0,10.0,0.0,0.0,0.0,,,7.0,0.0,0.0,0.0,0.0,0.0,,10.0,0.0,0.0,10.0,,,,0.0,0.0,,0.0,0.0,,0.0,0.0,8.0,0.0,8.0,,8.0,0.0,0.0,,8.0,0.0,,8.0,0.0,,0.0,,0.0,,,0.0,0.0,,0.0,,,0.0,,,0.0,0.0,0.0,0.0,1.0,0.0,0.0,0.0,10.0,0.0,0.0,0.0,0.0,10.0,0.0,1.0,0.0,3.0,3.0,,0.0,,0.0,0.0,0.0,0.0,4.0,2.0,9.0,1.0,0.0,,,,,0.0,0.0,0.0,0.0,0.0,0.0,0.0,0.0,,0.0,1.0,4.0,,,,,,8.0
2024-06-30 10:20,0.0,0.0,0.0,0.0,0.0,2.0,0.0,0.0,0.0,1.0,0.0,1.0,0.0,0.0,0.0,1.0,2.0,5.0,,0.0,0.0,0.0,1.0,8.0,0.0,0.0,0.0,0.0,0.0,0.0,0.0,0.0,5.0,0.0,0.0,0.0,0.0,2.0,0.0,0.0,0.0,0.0,0.0,6.0,2.0,0.0,0.0,0.0,0.0,1.0,3.0,0.0,4.0,3.0,0.0,0.0,1.0,0.0,0.0,0.0,1.0,0.0,3.0,0.0,0.0,3.0,1.0,0.0,0.0,0.0,0.0,0.0,0.0,0.0,3.0,0.0,3.0,0.0,0.0,0.0,0.0,0.0,0.0,0.0,0.0,2.0,0.0,8.0,0.0,8.0,4.0,5.0,0.0,0.0,0.0,0.0,0.0,0.0,0.0,0.0,1.0,0.0,4.0,0.0,9.0,6.0,0.0,0.0,0.0,0.0,0.0,0.0,0.0,2.0,0.0,8.0,0.0,0.0,0.0,1.0,10.0,0.0,0.0,0.0,,0.0,0.0,0.0,0.0
2024-06-30 11:20,1.0,0.0,0.0,0.0,0.0,0.0,0.0,0.0,0.0,0.0,1.0,0.0,0.0,9.0,0.0,6.0,0.0,0.0,,0.0,0.0,0.0,0.0,0.0,0.0,0.0,0.0,0.0,0.0,0.0,5.0,0.0,0.0,5.0,0.0,10.0,0.0,0.0,9.0,0.0,0.0,0.0,0.0,0.0,0.0,9.0,0.0,10.0,0.0,0.0,0.0,2.0,0.0,0.0,2.0,0.0,0.0,0.0,0.0,0.0,3.0,0.0,0.0,0.0,1.0,4.0,7.0,1.0,0.0,5.0,0.0,0.0,0.0,0.0,0.0,9.0,0.0,0.0,0.0,0.0,0.0,0.0,0.0,0.0,3.0,0.0,0.0,0.0,0.0,2.0,2.0,0.0,0.0,0.0,2.0,0.0,1.0,0.0,0.0,0.0,0.0,1.0,0.0,0.0,0.0,0.0,10.0,0.0,3.0,10.0,0.0,0.0,8.0,6.0,0.0,1.0,0.0,0.0,0.0,0.0,0.0,0.0,0.0,0.0,,4.0,0.0,7.0,1.0
2024-06-30 12:20,0.0,0.0,0.0,2.0,0.0,0.0,0.0,0.0,1.0,1.0,0.0,0.0,0.0,0.0,0.0,4.0,0.0,0.0,,0.0,0.0,0.0,0.0,0.0,0.0,0.0,0.0,0.0,0.0,0.0,0.0,0.0,0.0,0.0,5.0,0.0,1.0,0.0,0.0,0.0,0.0,0.0,0.0,0.0,0.0,10.0,0.0,9.0,0.0,0.0,0.0,0.0,0.0,0.0,0.0,0.0,0.0,0.0,0.0,0.0,0.0,0.0,0.0,0.0,0.0,6.0,0.0,2.0,4.0,5.0,0.0,0.0,10.0,0.0,0.0,0.0,0.0,6.0,2.0,0.0,0.0,0.0,0.0,0.0,0.0,0.0,0.0,0.0,0.0,3.0,0.0,0.0,2.0,0.0,0.0,0.0,3.0,0.0,0.0,0.0,8.0,7.0,0.0,1.0,3.0,8.0,0.0,0.0,0.0,0.0,0.0,0.0,0.0,0.0,0.0,0.0,0.0,0.0,0.0,0.0,0.0,10.0,0.0,0.0,,0.0,0.0,0.0,1.0
2024-06-30 13:10,2.0,0.0,0.0,0.0,0.0,0.0,4.0,0.0,0.0,0.0,2.0,0.0,0.0,0.0,0.0,0.0,0.0,0.0,,0.0,0.0,0.0,0.0,0.0,1.0,2.0,0.0,0.0,0.0,0.0,0.0,0.0,0.0,0.0,0.0,0.0,0.0,6.0,0.0,0.0,0.0,0.0,0.0,0.0,1.0,8.0,0.0,0.0,0.0,0.0,0.0,0.0,0.0,0.0,0.0,1.0,0.0,0.0,0.0,0.0,0.0,0.0,0.0,0.0,0.0,2.0,0.0,6.0,0.0,0.0,0.0,0.0,0.0,7.0,0.0,0.0,4.0,0.0,0.0,0.0,0.0,0.0,0.0,1.0,10.0,2.0,0.0,0.0,0.0,5.0,8.0,0.0,2.0,10.0,0.0,0.0,10.0,0.0,0.0,0.0,0.0,0.0,0.0,0.0,0.0,0.0,0.0,0.0,0.0,0.0,0.0,0.0,0.0,0.0,0.0,0.0,0.0,0.0,0.0,0.0,0.0,0.0,0.0,0.0,,2.0,0.0,0.0,1.0
2024-06-30 14:30,0.0,0.0,0.0,0.0,0.0,4.0,0.0,0.0,0.0,0.0,0.0,0.0,0.0,1.0,0.0,0.0,0.0,0.0,,0.0,0.0,0.0,0.0,2.0,0.0,0.0,0.0,0.0,0.0,0.0,0.0,0.0,0.0,0.0,2.0,0.0,0.0,0.0,1.0,0.0,0.0,0.0,0.0,0.0,1.0,9.0,0.0,0.0,1.0,0.0,0.0,0.0,0.0,4.0,0.0,0.0,0.0,0.0,1.0,0.0,0.0,1.0,0.0,0.0,1.0,6.0,0.0,0.0,3.0,5.0,0.0,0.0,0.0,1.0,0.0,1.0,2.0,0.0,0.0,0.0,0.0,0.0,0.0,2.0,0.0,8.0,0.0,0.0,0.0,0.0,2.0,0.0,0.0,6.0,0.0,0.0,0.0,0.0,0.0,0.0,0.0,0.0,0.0,0.0,0.0,0.0,0.0,0.0,1.0,0.0,0.0,0.0,0.0,0.0,0.0,0.0,8.0,0.0,0.0,1.0,3.0,0.0,0.0,0.0,,0.0,8.0,10.0,0.0
2024-06-30 15:10,0.0,0.0,0.0,0.0,0.0,0.0,0.0,0.0,0.0,5.0,0.0,0.0,0.0,0.0,0.0,0.0,0.0,1.0,,0.0,0.0,0.0,1.0,1.0,9.0,0.0,0.0,2.0,0.0,0.0,0.0,0.0,0.0,0.0,0.0,0.0,0.0,0.0,9.0,0.0,0.0,0.0,0.0,0.0,0.0,4.0,0.0,0.0,2.0,0.0,0.0,0.0,0.0,6.0,0.0,0.0,0.0,0.0,0.0,10.0,0.0,0.0,0.0,0.0,0.0,10.0,0.0,0.0,0.0,0.0,0.0,6.0,1.0,6.0,0.0,2.0,0.0,0.0,6.0,0.0,0.0,1.0,0.0,0.0,0.0,5.0,0.0,0.0,0.0,0.0,0.0,0.0,0.0,0.0,0.0,1.0,0.0,0.0,0.0,0.0,9.0,0.0,5.0,0.0,0.0,0.0,0.0,0.0,6.0,0.0,0.0,8.0,0.0,0.0,0.0,0.0,0.0,0.0,0.0,3.0,0.0,0.0,0.0,0.0,,0.0,4.0,0.0,2.0
2024-06-30 16:10,0.0,0.0,0.0,0.0,1.0,0.0,0.0,0.0,0.0,3.0,0.0,0.0,0.0,0.0,9.0,0.0,0.0,9.0,,0.0,1.0,0.0,2.0,0.0,0.0,0.0,0.0,0.0,0.0,0.0,0.0,2.0,0.0,0.0,0.0,0.0,0.0,0.0,2.0,0.0,0.0,0.0,0.0,0.0,8.0,10.0,1.0,0.0,0.0,0.0,0.0,0.0,0.0,0.0,0.0,0.0,0.0,0.0,0.0,1.0,4.0,0.0,8.0,0.0,0.0,4.0,0.0,0.0,3.0,0.0,0.0,0.0,0.0,0.0,0.0,4.0,0.0,1.0,0.0,0.0,1.0,2.0,0.0,0.0,0.0,0.0,0.0,0.0,0.0,0.0,0.0,0.0,0.0,0.0,0.0,5.0,0.0,0.0,0.0,0.0,6.0,0.0,0.0,0.0,0.0,3.0,0.0,0.0,0.0,0.0,0.0,0.0,0.0,0.0,0.0,0.0,0.0,0.0,0.0,6.0,0.0,0.0,0.0,0.0,,0.0,1.0,0.0,0.0
2024-06-30 17:10,,,0.0,,,,7.0,0.0,0.0,,,3.0,,,0.0,0.0,0.0,,,0.0,0.0,0.0,0.0,0.0,0.0,0.0,,0.0,,7.0,,0.0,0.0,0.0,,,,7.0,0.0,0.0,,0.0,0.0,0.0,,5.0,,9.0,1.0,,,10.0,0.0,0.0,,0.0,0.0,2.0,0.0,1.0,,0.0,,0.0,,,,0.0,,,,,,,6.0,,,0.0,0.0,0.0,0.0,,2.0,,3.0,0.0,,0.0,,0.0,2.0,1.0,0.0,0.0,3.0,0.0,0.0,0.0,0.0,4.0,,,,0.0,,,0.0,0.0,,,0.0,,0.0,10.0,0.0,0.0,0.0,0.0,9.0,0.0,0.0,1.0,0.0,8.0,,,,,
2024-06-30 18:20,0.0,0.0,0.0,0.0,0.0,0.0,0.0,0.0,0.0,2.0,8.0,0.0,1.0,0.0,2.0,0.0,1.0,0.0,,0.0,0.0,7.0,0.0,0.0,0.0,0.0,0.0,0.0,0.0,0.0,0.0,1.0,0.0,0.0,5.0,0.0,4.0,0.0,0.0,0.0,0.0,0.0,0.0,0.0,8.0,0.0,2.0,9.0,2.0,0.0,0.0,0.0,10.0,0.0,0.0,0.0,0.0,0.0,0.0,0.0,0.0,0.0,0.0,0.0,0.0,0.0,6.0,0.0,,1.0,0.0,0.0,2.0,0.0,3.0,0.0,0.0,0.0,0.0,0.0,0.0,0.0,1.0,0.0,0.0,0.0,0.0,0.0,0.0,0.0,3.0,0.0,1.0,0.0,0.0,0.0,0.0,0.0,0.0,0.0,7.0,0.0,0.0,0.0,3.0,0.0,0.0,0.0,0.0,0.0,2.0,0.0,0.0,0.0,0.0,0.0,0.0,0.0,1.0,0.0,0.0,2.0,0.0,0.0,,0.0,0.0,0.0,0.0
2024-06-30 19:10,0.0,0.0,0.0,0.0,0.0,0.0,0.0,0.0,0.0,0.0,0.0,0.0,0.0,0.0,0.0,0.0,0.0,0.0,,0.0,0.0,6.0,9.0,0.0,0.0,0.0,0.0,1.0,0.0,0.0,0.0,0.0,0.0,0.0,0.0,0.0,0.0,0.0,0.0,0.0,0.0,0.0,0.0,0.0,4.0,10.0,0.0,7.0,0.0,0.0,0.0,0.0,0.0,0.0,0.0,0.0,0.0,0.0,0.0,0.0,0.0,0.0,7.0,0.0,0.0,1.0,0.0,0.0,,0.0,0.0,0.0,0.0,0.0,0.0,0.0,0.0,0.0,0.0,0.0,0.0,0.0,6.0,0.0,3.0,0.0,0.0,0.0,0.0,0.0,0.0,4.0,0.0,0.0,0.0,0.0,0.0,0.0,0.0,0.0,0.0,0.0,0.0,0.0,0.0,0.0,0.0,0.0,0.0,10.0,0.0,0.0,0.0,0.0,0.0,0.0,0.0,0.0,0.0,3.0,0.0,0.0,0.0,5.0,,2.0,0.0,0.0,0.0
2024-06-30 20:20,0.0,0.0,0.0,0.0,0.0,0.0,0.0,2.0,0.0,0.0,0.0,0.0,0.0,0.0,0.0,0.0,0.0,0.0,,0.0,0.0,0.0,0.0,0.0,0.0,0.0,0.0,0.0,0.0,0.0,0.0,6.0,0.0,0.0,0.0,0.0,0.0,0.0,0.0,0.0,0.0,0.0,0.0,0.0,0.0,0.0,0.0,0.0,0.0,0.0,0.0,0.0,9.0,4.0,0.0,0.0,10.0,0.0,0.0,0.0,0.0,0.0,0.0,0.0,0.0,0.0,0.0,0.0,,0.0,0.0,0.0,0.0,0.0,0.0,0.0,0.0,0.0,0.0,0.0,0.0,0.0,0.0,0.0,0.0,0.0,0.0,0.0,0.0,0.0,0.0,0.0,0.0,0.0,0.0,0.0,0.0,0.0,0.0,0.0,0.0,0.0,0.0,0.0,0.0,0.0,0.0,0.0,0.0,0.0,0.0,0.0,0.0,0.0,0.0,0.0,0.0,0.0,0.0,4.0,0.0,3.0,0.0,0.0,,0.0,0.0,0.0,0.0
2024-07-01 08:20,0.0,0.0,0.0,0.0,0.0,0.0,0.0,0.0,8.0,0.0,0.0,0.0,0.0,0.0,0.0,0.0,0.0,4.0,,3.0,7.0,2.0,0.0,0.0,0.0,0.0,0.0,0.0,2.0,1.0,0.0,10.0,0.0,0.0,0.0,0.0,1.0,0.0,0.0,0.0,0.0,0.0,0.0,0.0,10.0,2.0,0.0,8.0,10.0,0.0,2.0,8.0,10.0,4.0,10.0,0.0,0.0,6.0,0.0,0.0,0.0,0.0,0.0,0.0,0.0,10.0,0.0,0.0,0.0,0.0,0.0,5.0,6.0,0.0,0.0,0.0,0.0,0.0,0.0,0.0,0.0,0.0,0.0,0.0,8.0,0.0,0.0,9.0,0.0,0.0,0.0,0.0,8.0,0.0,7.0,0.0,0.0,0.0,0.0,1.0,0.0,0.0,0.0,0.0,0.0,0.0,0.0,0.0,0.0,0.0,0.0,0.0,0.0,3.0,0.0,0.0,0.0,0.0,0.0,0.0,0.0,0.0,0.0,0.0,,0.0,0.0,0.0,0.0
2024-07-01 09:10,0.0,0.0,7.0,0.0,0.0,0.0,0.0,0.0,0.0,0.0,0.0,7.0,0.0,0.0,5.0,0.0,1.0,0.0,,10.0,10.0,0.0,0.0,0.0,4.0,0.0,0.0,0.0,0.0,7.0,0.0,0.0,0.0,10.0,0.0,0.0,3.0,0.0,0.0,0.0,2.0,2.0,0.0,0.0,0.0,0.0,0.0,1.0,2.0,0.0,0.0,0.0,0.0,0.0,0.0,0.0,1.0,3.0,0.0,1.0,0.0,0.0,2.0,0.0,0.0,0.0,0.0,0.0,0.0,0.0,0.0,5.0,10.0,0.0,0.0,0.0,1.0,0.0,0.0,0.0,0.0,0.0,0.0,0.0,1.0,0.0,0.0,10.0,1.0,0.0,8.0,0.0,1.0,0.0,0.0,0.0,0.0,10.0,0.0,10.0,0.0,0.0,1.0,0.0,10.0,1.0,0.0,0.0,0.0,0.0,10.0,0.0,0.0,0.0,0.0,7.0,0.0,0.0,0.0,0.0,0.0,10.0,0.0,0.0,,6.0,4.0,0.0,0.0
2024-07-01 10:20,7.0,0.0,0.0,0.0,0.0,0.0,0.0,0.0,0.0,0.0,0.0,9.0,0.0,0.0,0.0,0.0,1.0,10.0,,0.0,0.0,0.0,1.0,0.0,0.0,0.0,0.0,0.0,0.0,0.0,0.0,10.0,0.0,10.0,0.0,1.0,7.0,0.0,9.0,0.0,6.0,0.0,0.0,0.0,0.0,0.0,1.0,0.0,0.0,0.0,0.0,0.0,7.0,0.0,7.0,0.0,2.0,0.0,0.0,2.0,0.0,8.0,1.0,0.0,0.0,0.0,0.0,4.0,0.0,0.0,1.0,9.0,10.0,0.0,7.0,5.0,0.0,0.0,0.0,5.0,0.0,0.0,0.0,0.0,5.0,0.0,0.0,5.0,0.0,10.0,0.0,0.0,0.0,0.0,0.0,7.0,0.0,0.0,0.0,0.0,0.0,0.0,0.0,8.0,0.0,0.0,0.0,0.0,0.0,0.0,0.0,0.0,0.0,0.0,0.0,1.0,0.0,10.0,0.0,0.0,0.0,6.0,0.0,2.0,,9.0,7.0,0.0,0.0
2024-07-01 11:20,2.0,0.0,3.0,0.0,0.0,0.0,0.0,0.0,0.0,0.0,0.0,0.0,0.0,0.0,0.0,9.0,0.0,5.0,,0.0,0.0,0.0,0.0,0.0,0.0,0.0,0.0,0.0,0.0,0.0,0.0,0.0,0.0,1.0,0.0,0.0,0.0,9.0,10.0,0.0,0.0,0.0,0.0,0.0,0.0,10.0,0.0,0.0,0.0,0.0,0.0,0.0,0.0,0.0,3.0,9.0,3.0,8.0,0.0,0.0,0.0,3.0,3.0,0.0,0.0,0.0,0.0,6.0,0.0,0.0,4.0,0.0,0.0,0.0,0.0,0.0,0.0,0.0,0.0,4.0,0.0,0.0,0.0,0.0,0.0,2.0,0.0,0.0,0.0,1.0,0.0,0.0,10.0,10.0,0.0,0.0,0.0,2.0,0.0,0.0,0.0,0.0,0.0,0.0,0.0,0.0,0.0,0.0,0.0,0.0,0.0,1.0,0.0,0.0,0.0,0.0,0.0,4.0,0.0,0.0,0.0,0.0,0.0,3.0,,0.0,1.0,0.0,0.0
2024-07-01 12:20,5.0,2.0,0.0,0.0,0.0,0.0,1.0,0.0,0.0,0.0,0.0,0.0,0.0,0.0,0.0,1.0,0.0,5.0,,0.0,0.0,0.0,0.0,0.0,0.0,0.0,0.0,1.0,0.0,0.0,0.0,0.0,0.0,0.0,0.0,5.0,0.0,9.0,3.0,1.0,0.0,0.0,0.0,0.0,0.0,10.0,0.0,0.0,0.0,1.0,0.0,0.0,0.0,0.0,0.0,10.0,0.0,1.0,1.0,0.0,0.0,8.0,10.0,0.0,4.0,10.0,0.0,5.0,0.0,0.0,9.0,0.0,5.0,10.0,0.0,10.0,3.0,0.0,0.0,0.0,0.0,0.0,5.0,0.0,2.0,1.0,0.0,0.0,0.0,8.0,0.0,1.0,3.0,0.0,0.0,0.0,0.0,1.0,0.0,10.0,0.0,0.0,0.0,0.0,2.0,0.0,0.0,0.0,0.0,3.0,0.0,0.0,0.0,0.0,0.0,0.0,0.0,10.0,0.0,0.0,0.0,1.0,0.0,6.0,,2.0,0.0,0.0,0.0
2024-07-01 13:10,10.0,0.0,0.0,0.0,5.0,0.0,0.0,7.0,7.0,0.0,10.0,1.0,0.0,6.0,1.0,1.0,2.0,0.0,,7.0,3.0,0.0,0.0,0.0,0.0,0.0,0.0,4.0,10.0,0.0,0.0,10.0,0.0,2.0,0.0,1.0,0.0,0.0,3.0,0.0,10.0,6.0,4.0,7.0,0.0,2.0,2.0,0.0,0.0,1.0,10.0,1.0,10.0,0.0,4.0,5.0,0.0,0.0,0.0,0.0,0.0,10.0,10.0,6.0,7.0,0.0,0.0,8.0,9.0,0.0,10.0,0.0,,0.0,0.0,4.0,10.0,0.0,0.0,1.0,5.0,7.0,2.0,0.0,7.0,7.0,0.0,10.0,0.0,1.0,0.0,0.0,9.0,10.0,9.0,0.0,0.0,1.0,0.0,10.0,0.0,0.0,0.0,0.0,3.0,0.0,0.0,0.0,0.0,10.0,0.0,0.0,1.0,8.0,0.0,10.0,0.0,5.0,0.0,2.0,0.0,9.0,0.0,10.0,,3.0,0.0,0.0,0.0
2024-07-01 14:40,10.0,0.0,3.0,1.0,6.0,5.0,5.0,1.0,8.0,0.0,6.0,10.0,10.0,10.0,7.0,0.0,8.0,0.0,,10.0,10.0,10.0,0.0,0.0,0.0,10.0,6.0,0.0,7.0,8.0,0.0,10.0,5.0,10.0,9.0,3.0,5.0,0.0,10.0,4.0,7.0,3.0,10.0,0.0,10.0,0.0,9.0,8.0,4.0,0.0,4.0,10.0,9.0,10.0,9.0,10.0,0.0,9.0,10.0,0.0,0.0,3.0,3.0,10.0,8.0,0.0,8.0,10.0,8.0,6.0,10.0,0.0,9.0,10.0,10.0,8.0,4.0,0.0,1.0,10.0,2.0,10.0,0.0,0.0,10.0,4.0,0.0,7.0,0.0,10.0,6.0,10.0,0.0,4.0,10.0,0.0,6.0,5.0,0.0,0.0,0.0,10.0,0.0,10.0,7.0,0.0,0.0,0.0,0.0,0.0,0.0,0.0,0.0,8.0,10.0,10.0,0.0,8.0,0.0,6.0,0.0,10.0,0.0,0.0,,10.0,0.0,0.0,0.0
2024-07-01 15:20,9.0,0.0,0.0,2.0,10.0,0.0,1.0,10.0,10.0,0.0,10.0,10.0,7.0,10.0,4.0,3.0,8.0,2.0,,3.0,1.0,0.0,0.0,3.0,0.0,10.0,0.0,0.0,0.0,8.0,0.0,1.0,2.0,10.0,0.0,10.0,6.0,7.0,3.0,9.0,1.0,0.0,5.0,5.0,0.0,0.0,9.0,6.0,1.0,6.0,9.0,10.0,9.0,10.0,9.0,10.0,0.0,10.0,0.0,0.0,0.0,0.0,2.0,6.0,10.0,0.0,3.0,3.0,2.0,8.0,10.0,0.0,0.0,10.0,8.0,1.0,3.0,2.0,0.0,5.0,0.0,10.0,0.0,0.0,10.0,8.0,0.0,2.0,0.0,9.0,10.0,10.0,0.0,4.0,10.0,0.0,9.0,5.0,0.0,10.0,0.0,5.0,0.0,3.0,7.0,0.0,0.0,0.0,0.0,10.0,8.0,0.0,8.0,5.0,10.0,10.0,0.0,0.0,4.0,3.0,0.0,10.0,3.0,7.0,,10.0,0.0,0.0,0.0
2024-07-01 16:20,10.0,0.0,2.0,0.0,10.0,0.0,1.0,7.0,0.0,0.0,8.0,9.0,2.0,0.0,0.0,7.0,7.0,0.0,0.0,0.0,0.0,10.0,3.0,9.0,3.0,1.0,0.0,6.0,0.0,9.0,2.0,10.0,6.0,0.0,0.0,9.0,8.0,1.0,9.0,0.0,0.0,0.0,0.0,0.0,10.0,0.0,1.0,0.0,6.0,1.0,3.0,0.0,8.0,0.0,0.0,0.0,0.0,10.0,1.0,0.0,0.0,9.0,1.0,3.0,10.0,0.0,1.0,0.0,1.0,3.0,9.0,0.0,10.0,1.0,9.0,0.0,8.0,7.0,0.0,2.0,2.0,10.0,0.0,0.0,10.0,2.0,0.0,0.0,0.0,10.0,3.0,8.0,0.0,2.0,10.0,0.0,0.0,10.0,0.0,7.0,0.0,6.0,0.0,0.0,8.0,0.0,0.0,0.0,0.0,5.0,0.0,0.0,0.0,0.0,6.0,0.0,2.0,0.0,7.0,0.0,1.0,9.0,4.0,2.0,,10.0,0.0,7.0,0.0
2024-07-01 17:20,6.0,0.0,9.0,0.0,1.0,0.0,0.0,0.0,0.0,0.0,0.0,0.0,10.0,9.0,2.0,9.0,0.0,0.0,0.0,0.0,0.0,7.0,0.0,0.0,0.0,3.0,0.0,0.0,0.0,0.0,0.0,9.0,0.0,0.0,0.0,4.0,0.0,1.0,8.0,0.0,0.0,0.0,1.0,0.0,9.0,5.0,3.0,1.0,10.0,0.0,0.0,0.0,1.0,0.0,0.0,0.0,0.0,0.0,4.0,0.0,0.0,0.0,9.0,0.0,9.0,10.0,0.0,0.0,10.0,0.0,5.0,0.0,0.0,1.0,1.0,2.0,10.0,0.0,5.0,10.0,0.0,8.0,0.0,0.0,0.0,0.0,0.0,0.0,0.0,0.0,10.0,0.0,10.0,2.0,0.0,0.0,6.0,0.0,1.0,5.0,0.0,3.0,3.0,0.0,5.0,0.0,0.0,0.0,2.0,10.0,10.0,0.0,0.0,0.0,1.0,0.0,0.0,0.0,4.0,5.0,1.0,0.0,1.0,0.0,,8.0,0.0,0.0,0.0
2024-07-01 18:20,0.0,0.0,0.0,0.0,3.0,0.0,0.0,0.0,0.0,9.0,0.0,0.0,9.0,0.0,0.0,0.0,0.0,0.0,0.0,0.0,0.0,10.0,0.0,4.0,0.0,10.0,3.0,0.0,8.0,0.0,0.0,0.0,7.0,0.0,7.0,0.0,0.0,0.0,0.0,2.0,2.0,0.0,0.0,0.0,2.0,10.0,0.0,7.0,1.0,0.0,0.0,0.0,0.0,0.0,0.0,0.0,0.0,10.0,0.0,0.0,0.0,1.0,10.0,0.0,8.0,3.0,0.0,0.0,0.0,9.0,0.0,10.0,0.0,0.0,0.0,0.0,0.0,4.0,0.0,0.0,0.0,10.0,4.0,0.0,0.0,1.0,0.0,10.0,0.0,0.0,0.0,0.0,2.0,0.0,8.0,0.0,0.0,0.0,0.0,7.0,1.0,0.0,0.0,0.0,0.0,0.0,0.0,0.0,0.0,4.0,9.0,0.0,2.0,8.0,0.0,0.0,0.0,0.0,10.0,0.0,0.0,1.0,6.0,2.0,,0.0,4.0,0.0,0.0
2024-07-01 19:20,0.0,0.0,6.0,0.0,0.0,0.0,0.0,0.0,4.0,0.0,0.0,7.0,0.0,0.0,9.0,0.0,0.0,3.0,0.0,1.0,7.0,6.0,0.0,0.0,0.0,0.0,0.0,2.0,0.0,8.0,0.0,0.0,0.0,0.0,0.0,0.0,0.0,1.0,0.0,0.0,0.0,0.0,0.0,0.0,9.0,10.0,0.0,10.0,10.0,0.0,0.0,1.0,0.0,0.0,8.0,0.0,0.0,0.0,0.0,0.0,0.0,0.0,0.0,0.0,0.0,0.0,0.0,0.0,0.0,10.0,0.0,2.0,0.0,0.0,1.0,0.0,0.0,4.0,0.0,0.0,0.0,0.0,0.0,0.0,3.0,1.0,0.0,0.0,0.0,6.0,2.0,5.0,10.0,0.0,0.0,0.0,0.0,0.0,0.0,6.0,0.0,4.0,0.0,1.0,0.0,0.0,0.0,0.0,0.0,0.0,8.0,0.0,0.0,8.0,0.0,5.0,0.0,0.0,0.0,1.0,1.0,0.0,0.0,0.0,,0.0,0.0,0.0,0.0
2024-07-01 20:20,0.0,0.0,0.0,0.0,0.0,0.0,0.0,0.0,2.0,0.0,0.0,0.0,0.0,0.0,0.0,0.0,0.0,0.0,0.0,0.0,0.0,9.0,0.0,0.0,0.0,0.0,0.0,0.0,0.0,7.0,0.0,8.0,0.0,4.0,0.0,0.0,0.0,0.0,0.0,0.0,0.0,0.0,0.0,0.0,0.0,7.0,0.0,10.0,10.0,0.0,4.0,0.0,0.0,0.0,0.0,0.0,0.0,0.0,0.0,0.0,0.0,0.0,0.0,3.0,0.0,0.0,0.0,0.0,0.0,0.0,0.0,0.0,0.0,0.0,0.0,0.0,0.0,0.0,0.0,0.0,0.0,0.0,0.0,0.0,5.0,0.0,0.0,0.0,3.0,0.0,0.0,0.0,0.0,0.0,0.0,0.0,0.0,0.0,0.0,0.0,0.0,0.0,0.0,0.0,0.0,0.0,0.0,0.0,0.0,0.0,0.0,0.0,0.0,0.0,0.0,3.0,0.0,0.0,0.0,0.0,0.0,1.0,0.0,0.0,,0.0,0.0,0.0,0.0
2024-07-02 08:20,0.0,0.0,10.0,0.0,0.0,0.0,0.0,0.0,8.0,0.0,4.0,0.0,0.0,0.0,10.0,0.0,0.0,0.0,0.0,0.0,0.0,10.0,0.0,1.0,1.0,0.0,0.0,10.0,0.0,0.0,0.0,0.0,0.0,0.0,0.0,10.0,0.0,7.0,0.0,0.0,0.0,2.0,0.0,10.0,10.0,9.0,0.0,10.0,10.0,0.0,1.0,0.0,10.0,6.0,0.0,0.0,0.0,3.0,0.0,0.0,0.0,10.0,10.0,2.0,0.0,10.0,0.0,0.0,0.0,0.0,8.0,0.0,0.0,0.0,0.0,10.0,0.0,0.0,0.0,10.0,0.0,0.0,0.0,0.0,0.0,0.0,10.0,0.0,1.0,0.0,0.0,0.0,10.0,0.0,0.0,1.0,0.0,0.0,0.0,9.0,1.0,0.0,0.0,0.0,0.0,0.0,0.0,0.0,0.0,1.0,0.0,0.0,10.0,4.0,0.0,0.0,0.0,0.0,0.0,10.0,1.0,0.0,0.0,10.0,7.0,0.0,10.0,0.0,0.0
2024-07-02 09:10,0.0,0.0,10.0,0.0,0.0,2.0,3.0,0.0,6.0,0.0,0.0,0.0,0.0,0.0,0.0,0.0,0.0,1.0,0.0,0.0,1.0,10.0,0.0,1.0,5.0,0.0,0.0,10.0,10.0,0.0,0.0,10.0,0.0,0.0,0.0,10.0,0.0,4.0,0.0,0.0,0.0,0.0,0.0,0.0,10.0,10.0,0.0,10.0,10.0,0.0,0.0,2.0,4.0,2.0,6.0,0.0,10.0,7.0,10.0,10.0,8.0,10.0,10.0,5.0,0.0,10.0,0.0,0.0,8.0,1.0,9.0,2.0,0.0,0.0,0.0,10.0,0.0,0.0,0.0,10.0,2.0,0.0,9.0,0.0,0.0,2.0,10.0,0.0,0.0,0.0,3.0,0.0,10.0,0.0,4.0,7.0,0.0,8.0,0.0,10.0,1.0,0.0,10.0,0.0,4.0,0.0,0.0,1.0,6.0,2.0,10.0,2.0,10.0,0.0,0.0,1.0,0.0,10.0,0.0,10.0,2.0,0.0,0.0,10.0,10.0,0.0,10.0,0.0,0.0
2024-07-02 10:20,0.0,10.0,10.0,0.0,0.0,10.0,6.0,0.0,0.0,0.0,3.0,8.0,10.0,0.0,0.0,10.0,3.0,4.0,10.0,9.0,4.0,10.0,1.0,4.0,1.0,0.0,0.0,10.0,6.0,1.0,9.0,10.0,0.0,10.0,10.0,10.0,6.0,7.0,1.0,0.0,0.0,8.0,0.0,10.0,10.0,10.0,4.0,10.0,10.0,10.0,0.0,10.0,9.0,10.0,8.0,0.0,8.0,4.0,4.0,5.0,10.0,10.0,10.0,1.0,0.0,10.0,5.0,0.0,2.0,0.0,10.0,10.0,2.0,0.0,10.0,10.0,3.0,0.0,4.0,10.0,10.0,2.0,8.0,0.0,10.0,3.0,10.0,0.0,0.0,10.0,5.0,0.0,10.0,0.0,9.0,10.0,0.0,10.0,0.0,10.0,0.0,0.0,10.0,4.0,10.0,6.0,0.0,1.0,2.0,10.0,10.0,2.0,10.0,1.0,0.0,1.0,1.0,10.0,0.0,10.0,0.0,3.0,0.0,10.0,10.0,0.0,10.0,2.0,0.0
2024-07-02 11:10,10.0,10.0,10.0,0.0,1.0,10.0,1.0,3.0,1.0,0.0,7.0,3.0,10.0,2.0,5.0,10.0,0.0,2.0,10.0,8.0,0.0,10.0,6.0,3.0,0.0,2.0,3.0,10.0,0.0,0.0,10.0,10.0,0.0,0.0,10.0,10.0,0.0,10.0,2.0,10.0,0.0,9.0,7.0,5.0,10.0,10.0,0.0,10.0,10.0,10.0,4.0,0.0,1.0,10.0,7.0,1.0,9.0,8.0,6.0,3.0,8.0,10.0,10.0,0.0,4.0,10.0,6.0,9.0,10.0,0.0,10.0,10.0,1.0,0.0,0.0,6.0,3.0,0.0,2.0,10.0,7.0,0.0,2.0,0.0,3.0,1.0,10.0,0.0,1.0,0.0,10.0,4.0,10.0,4.0,10.0,9.0,2.0,7.0,0.0,10.0,3.0,1.0,10.0,0.0,2.0,2.0,0.0,1.0,8.0,10.0,10.0,9.0,10.0,2.0,0.0,5.0,0.0,10.0,5.0,2.0,9.0,0.0,0.0,10.0,10.0,7.0,9.0,9.0,0.0
2024-07-02 12:20,4.0,10.0,10.0,10.0,1.0,10.0,0.0,2.0,0.0,4.0,7.0,0.0,10.0,1.0,10.0,10.0,0.0,2.0,10.0,9.0,9.0,10.0,10.0,1.0,0.0,2.0,8.0,10.0,1.0,6.0,10.0,7.0,8.0,4.0,10.0,10.0,0.0,7.0,1.0,10.0,0.0,10.0,1.0,1.0,10.0,10.0,7.0,10.0,10.0,10.0,0.0,4.0,10.0,10.0,1.0,0.0,8.0,3.0,5.0,10.0,6.0,10.0,10.0,0.0,0.0,10.0,0.0,1.0,10.0,10.0,10.0,10.0,4.0,4.0,0.0,10.0,0.0,9.0,8.0,10.0,10.0,2.0,0.0,3.0,0.0,5.0,10.0,0.0,0.0,0.0,0.0,2.0,10.0,1.0,1.0,10.0,2.0,2.0,0.0,10.0,3.0,0.0,10.0,0.0,0.0,0.0,0.0,10.0,10.0,10.0,10.0,9.0,10.0,0.0,9.0,2.0,9.0,10.0,9.0,2.0,10.0,2.0,1.0,10.0,10.0,5.0,9.0,10.0,1.0
2024-07-02 13:10,1.0,10.0,10.0,9.0,10.0,8.0,10.0,1.0,1.0,10.0,1.0,0.0,10.0,0.0,0.0,8.0,0.0,10.0,10.0,1.0,2.0,10.0,10.0,10.0,1.0,6.0,4.0,10.0,0.0,5.0,10.0,5.0,5.0,0.0,10.0,10.0,0.0,10.0,2.0,8.0,0.0,7.0,1.0,0.0,10.0,10.0,0.0,10.0,10.0,10.0,0.0,10.0,4.0,10.0,2.0,0.0,10.0,5.0,7.0,10.0,4.0,10.0,10.0,0.0,1.0,10.0,0.0,1.0,10.0,8.0,10.0,9.0,0.0,6.0,0.0,10.0,0.0,10.0,5.0,10.0,10.0,2.0,0.0,4.0,0.0,1.0,10.0,0.0,0.0,0.0,0.0,10.0,10.0,0.0,6.0,10.0,4.0,0.0,0.0,10.0,1.0,3.0,10.0,0.0,0.0,9.0,0.0,0.0,10.0,10.0,10.0,9.0,10.0,8.0,10.0,0.0,5.0,10.0,3.0,8.0,10.0,5.0,3.0,10.0,10.0,0.0,9.0,10.0,7.0
2024-07-02 14:30,3.0,0.0,10.0,0.0,5.0,10.0,0.0,5.0,0.0,10.0,1.0,1.0,10.0,0.0,3.0,2.0,1.0,10.0,10.0,0.0,0.0,10.0,10.0,0.0,3.0,0.0,1.0,10.0,0.0,3.0,0.0,8.0,0.0,0.0,10.0,10.0,0.0,9.0,0.0,10.0,0.0,4.0,0.0,0.0,10.0,10.0,0.0,10.0,10.0,10.0,0.0,0.0,10.0,10.0,8.0,0.0,10.0,8.0,10.0,7.0,8.0,10.0,10.0,0.0,0.0,10.0,5.0,0.0,10.0,0.0,5.0,10.0,0.0,2.0,0.0,10.0,0.0,8.0,0.0,9.0,5.0,0.0,5.0,9.0,0.0,0.0,5.0,0.0,0.0,0.0,0.0,2.0,4.0,0.0,3.0,10.0,1.0,0.0,0.0,10.0,6.0,2.0,10.0,0.0,0.0,1.0,0.0,0.0,0.0,10.0,10.0,8.0,10.0,0.0,0.0,0.0,0.0,10.0,0.0,5.0,0.0,1.0,0.0,10.0,10.0,8.0,10.0,10.0,6.0
2024-07-02 15:20,0.0,0.0,0.0,0.0,0.0,6.0,0.0,0.0,0.0,1.0,0.0,0.0,10.0,0.0,0.0,0.0,0.0,10.0,10.0,0.0,0.0,9.0,10.0,1.0,0.0,0.0,0.0,9.0,0.0,0.0,1.0,0.0,0.0,0.0,10.0,10.0,0.0,0.0,0.0,10.0,0.0,0.0,1.0,0.0,10.0,10.0,0.0,9.0,10.0,0.0,0.0,0.0,0.0,10.0,0.0,0.0,6.0,0.0,3.0,10.0,10.0,10.0,10.0,0.0,0.0,10.0,9.0,0.0,1.0,0.0,0.0,10.0,0.0,0.0,0.0,10.0,0.0,0.0,0.0,8.0,3.0,0.0,0.0,0.0,0.0,0.0,1.0,0.0,0.0,0.0,0.0,0.0,2.0,0.0,0.0,10.0,3.0,1.0,0.0,7.0,4.0,2.0,10.0,0.0,0.0,10.0,0.0,0.0,8.0,10.0,10.0,6.0,10.0,0.0,0.0,0.0,0.0,9.0,0.0,10.0,0.0,0.0,0.0,0.0,10.0,5.0,10.0,0.0,0.0
2024-07-02 16:10,0.0,0.0,0.0,0.0,0.0,5.0,0.0,0.0,0.0,0.0,0.0,0.0,9.0,3.0,0.0,0.0,0.0,10.0,10.0,0.0,0.0,7.0,5.0,0.0,0.0,0.0,0.0,0.0,0.0,0.0,0.0,3.0,0.0,0.0,6.0,8.0,0.0,0.0,0.0,0.0,0.0,0.0,0.0,0.0,10.0,10.0,0.0,8.0,0.0,0.0,0.0,0.0,6.0,8.0,0.0,0.0,6.0,0.0,0.0,10.0,10.0,10.0,9.0,0.0,0.0,10.0,0.0,0.0,3.0,0.0,0.0,10.0,0.0,0.0,0.0,10.0,0.0,0.0,0.0,2.0,0.0,0.0,0.0,0.0,0.0,0.0,0.0,0.0,0.0,0.0,0.0,0.0,6.0,0.0,0.0,10.0,0.0,0.0,0.0,0.0,0.0,0.0,10.0,0.0,0.0,10.0,0.0,0.0,0.0,10.0,0.0,0.0,10.0,0.0,0.0,0.0,0.0,7.0,0.0,10.0,0.0,0.0,0.0,1.0,10.0,0.0,10.0,0.0,0.0
2024-07-02 17:10,0.0,0.0,0.0,0.0,0.0,0.0,0.0,0.0,0.0,0.0,0.0,0.0,1.0,0.0,0.0,0.0,0.0,0.0,8.0,0.0,0.0,6.0,0.0,0.0,0.0,0.0,0.0,0.0,0.0,0.0,0.0,1.0,0.0,0.0,10.0,0.0,0.0,0.0,0.0,0.0,0.0,0.0,0.0,0.0,10.0,10.0,0.0,9.0,9.0,0.0,0.0,0.0,6.0,4.0,0.0,0.0,0.0,0.0,0.0,0.0,0.0,7.0,0.0,0.0,0.0,10.0,0.0,0.0,0.0,0.0,0.0,10.0,0.0,0.0,0.0,5.0,0.0,0.0,0.0,0.0,0.0,0.0,0.0,0.0,0.0,0.0,0.0,0.0,0.0,0.0,0.0,0.0,10.0,0.0,0.0,0.0,0.0,0.0,0.0,10.0,0.0,0.0,10.0,0.0,0.0,3.0,0.0,0.0,0.0,0.0,0.0,0.0,0.0,0.0,0.0,0.0,0.0,0.0,1.0,5.0,0.0,0.0,0.0,0.0,9.0,0.0,0.0,0.0,0.0
2024-07-02 18:20,0.0,0.0,0.0,0.0,0.0,0.0,0.0,0.0,0.0,0.0,0.0,0.0,3.0,0.0,0.0,0.0,0.0,0.0,0.0,0.0,0.0,0.0,0.0,0.0,0.0,0.0,0.0,0.0,0.0,0.0,0.0,0.0,0.0,0.0,2.0,0.0,0.0,0.0,0.0,0.0,0.0,0.0,0.0,0.0,1.0,10.0,0.0,10.0,9.0,0.0,0.0,0.0,0.0,10.0,0.0,0.0,9.0,0.0,0.0,0.0,0.0,0.0,0.0,0.0,0.0,2.0,0.0,0.0,0.0,0.0,1.0,10.0,0.0,0.0,0.0,0.0,0.0,0.0,0.0,0.0,0.0,0.0,0.0,0.0,0.0,0.0,0.0,0.0,0.0,0.0,0.0,0.0,2.0,0.0,0.0,2.0,0.0,1.0,0.0,0.0,0.0,0.0,0.0,0.0,0.0,7.0,0.0,0.0,0.0,0.0,5.0,0.0,0.0,0.0,0.0,0.0,0.0,0.0,0.0,0.0,0.0,0.0,0.0,0.0,0.0,0.0,8.0,0.0,0.0
2024-07-02 19:20,0.0,0.0,0.0,0.0,0.0,0.0,0.0,0.0,0.0,0.0,0.0,0.0,0.0,0.0,0.0,0.0,0.0,3.0,0.0,0.0,0.0,0.0,0.0,0.0,0.0,0.0,0.0,0.0,0.0,0.0,0.0,0.0,0.0,0.0,0.0,0.0,0.0,0.0,0.0,0.0,0.0,0.0,0.0,0.0,0.0,3.0,0.0,0.0,0.0,0.0,0.0,0.0,0.0,0.0,0.0,0.0,0.0,0.0,0.0,0.0,0.0,0.0,3.0,0.0,0.0,0.0,0.0,0.0,0.0,0.0,0.0,7.0,0.0,0.0,0.0,0.0,0.0,0.0,0.0,0.0,0.0,0.0,0.0,0.0,0.0,0.0,0.0,0.0,0.0,0.0,0.0,0.0,10.0,0.0,0.0,0.0,0.0,0.0,0.0,0.0,0.0,0.0,0.0,0.0,0.0,0.0,0.0,0.0,0.0,0.0,0.0,0.0,0.0,0.0,0.0,0.0,0.0,0.0,0.0,0.0,0.0,0.0,0.0,0.0,0.0,0.0,0.0,0.0,0.0
2024-07-02 20:20,0.0,0.0,0.0,0.0,0.0,0.0,0.0,0.0,0.0,0.0,0.0,0.0,0.0,0.0,0.0,0.0,0.0,0.0,0.0,0.0,0.0,0.0,0.0,0.0,0.0,0.0,0.0,0.0,0.0,0.0,0.0,0.0,0.0,0.0,0.0,0.0,0.0,0.0,0.0,0.0,0.0,0.0,0.0,0.0,0.0,0.0,0.0,0.0,0.0,0.0,0.0,0.0,0.0,0.0,0.0,0.0,0.0,0.0,0.0,0.0,0.0,0.0,0.0,0.0,0.0,0.0,0.0,0.0,0.0,0.0,0.0,0.0,0.0,0.0,0.0,0.0,0.0,0.0,0.0,0.0,0.0,0.0,0.0,0.0,0.0,0.0,0.0,0.0,0.0,0.0,0.0,0.0,0.0,0.0,0.0,0.0,0.0,0.0,0.0,0.0,0.0,0.0,0.0,0.0,0.0,0.0,0.0,0.0,0.0,0.0,0.0,0.0,0.0,0.0,0.0,0.0,0.0,0.0,0.0,0.0,0.0,0.0,0.0,0.0,0.0,0.0,0.0,0.0,0.0
2024-07-03 08:20,0.0,0.0,0.0,0.0,0.0,0.0,0.0,0.0,0.0,0.0,0.0,0.0,0.0,0.0,2.0,0.0,0.0,0.0,0.0,1.0,1.0,0.0,0.0,0.0,0.0,0.0,0.0,0.0,0.0,2.0,0.0,0.0,0.0,0.0,0.0,0.0,0.0,0.0,1.0,0.0,0.0,0.0,0.0,3.0,0.0,0.0,0.0,0.0,1.0,0.0,0.0,4.0,0.0,0.0,8.0,0.0,0.0,10.0,0.0,0.0,0.0,1.0,8.0,0.0,0.0,0.0,0.0,0.0,9.0,0.0,0.0,0.0,0.0,0.0,1.0,0.0,0.0,0.0,0.0,0.0,0.0,0.0,0.0,0.0,0.0,0.0,10.0,0.0,0.0,0.0,0.0,10.0,0.0,0.0,0.0,0.0,0.0,4.0,0.0,10.0,0.0,0.0,0.0,0.0,0.0,0.0,0.0,0.0,0.0,0.0,0.0,0.0,0.0,10.0,0.0,0.0,0.0,0.0,0.0,0.0,0.0,0.0,0.0,7.0,10.0,0.0,0.0,0.0,0.0
2024-07-03 09:10,0.0,9.0,0.0,0.0,1.0,0.0,0.0,0.0,0.0,0.0,0.0,0.0,0.0,0.0,0.0,4.0,0.0,0.0,0.0,7.0,0.0,10.0,0.0,0.0,1.0,0.0,0.0,9.0,0.0,0.0,2.0,0.0,0.0,8.0,0.0,0.0,0.0,0.0,0.0,0.0,0.0,0.0,0.0,8.0,10.0,0.0,0.0,3.0,10.0,0.0,0.0,0.0,9.0,0.0,0.0,0.0,0.0,0.0,5.0,0.0,0.0,6.0,10.0,0.0,0.0,4.0,5.0,0.0,0.0,0.0,0.0,0.0,0.0,0.0,0.0,0.0,0.0,0.0,2.0,10.0,3.0,0.0,0.0,0.0,0.0,0.0,10.0,1.0,0.0,0.0,0.0,0.0,0.0,0.0,0.0,0.0,0.0,0.0,0.0,10.0,0.0,1.0,0.0,0.0,0.0,0.0,0.0,0.0,0.0,0.0,10.0,0.0,0.0,0.0,0.0,0.0,0.0,2.0,0.0,0.0,4.0,0.0,0.0,4.0,10.0,0.0,0.0,0.0,0.0
2024-07-03 10:20,0.0,8.0,3.0,0.0,0.0,0.0,0.0,0.0,0.0,0.0,3.0,0.0,0.0,0.0,0.0,0.0,0.0,0.0,1.0,0.0,7.0,0.0,5.0,0.0,3.0,1.0,0.0,0.0,0.0,5.0,10.0,1.0,0.0,0.0,0.0,0.0,0.0,0.0,0.0,4.0,0.0,0.0,0.0,6.0,0.0,0.0,0.0,7.0,0.0,0.0,0.0,8.0,0.0,0.0,4.0,0.0,0.0,4.0,0.0,0.0,0.0,2.0,9.0,0.0,0.0,0.0,0.0,0.0,8.0,2.0,0.0,0.0,0.0,2.0,0.0,0.0,2.0,0.0,0.0,8.0,3.0,0.0,0.0,0.0,0.0,0.0,10.0,0.0,0.0,0.0,0.0,1.0,0.0,0.0,0.0,0.0,0.0,0.0,0.0,10.0,0.0,2.0,0.0,2.0,0.0,0.0,0.0,0.0,0.0,5.0,0.0,0.0,1.0,0.0,3.0,0.0,0.0,10.0,0.0,0.0,0.0,5.0,0.0,0.0,10.0,0.0,0.0,0.0,3.0
2024-07-03 11:10,,,0.0,0.0,,,0.0,9.0,,0.0,,,,0.0,0.0,7.0,0.0,0.0,,,0.0,,2.0,,2.0,0.0,,6.0,,0.0,,,,5.0,,,,,,,,0.0,0.0,0.0,10.0,,1.0,2.0,0.0,1.0,0.0,2.0,,,0.0,,,3.0,0.0,,0.0,,,0.0,,0.0,,,6.0,0.0,8.0,0.0,10.0,0.0,,10.0,0.0,,2.0,0.0,9.0,,0.0,0.0,1.0,,2.0,,2.0,0.0,0.0,0.0,0.0,0.0,0.0,0.0,0.0,,0.0,1.0,,,,3.0,2.0,0.0,0.0,,,0.0,,,0.0,,,,,,,0.0,10.0,,0.0,2.0,1.0,,,,0.0
2024-07-03 12:20,0.0,2.0,0.0,0.0,1.0,0.0,0.0,0.0,0.0,0.0,0.0,0.0,0.0,0.0,0.0,0.0,0.0,0.0,4.0,0.0,0.0,0.0,10.0,0.0,4.0,0.0,6.0,2.0,0.0,1.0,0.0,0.0,0.0,0.0,5.0,8.0,0.0,5.0,0.0,0.0,0.0,0.0,0.0,3.0,0.0,2.0,3.0,4.0,0.0,1.0,0.0,0.0,0.0,0.0,0.0,0.0,0.0,0.0,1.0,1.0,0.0,8.0,10.0,0.0,0.0,0.0,0.0,0.0,0.0,0.0,0.0,0.0,0.0,0.0,0.0,10.0,2.0,0.0,4.0,2.0,0.0,0.0,0.0,0.0,0.0,0.0,0.0,0.0,3.0,0.0,2.0,0.0,0.0,0.0,0.0,0.0,0.0,1.0,0.0,2.0,0.0,0.0,1.0,0.0,0.0,0.0,0.0,1.0,0.0,4.0,0.0,1.0,0.0,0.0,0.0,0.0,0.0,0.0,0.0,1.0,5.0,0.0,0.0,0.0,0.0,0.0,0.0,4.0,0.0
2024-07-03 13:00,0.0,0.0,0.0,0.0,1.0,2.0,0.0,0.0,0.0,1.0,0.0,0.0,0.0,0.0,0.0,0.0,0.0,0.0,6.0,0.0,,0.0,8.0,0.0,0.0,0.0,0.0,0.0,0.0,0.0,0.0,0.0,5.0,0.0,0.0,5.0,0.0,0.0,0.0,0.0,0.0,0.0,1.0,,1.0,0.0,9.0,2.0,0.0,0.0,0.0,0.0,0.0,0.0,0.0,1.0,0.0,0.0,0.0,0.0,3.0,3.0,8.0,0.0,0.0,0.0,0.0,2.0,0.0,0.0,0.0,0.0,0.0,0.0,0.0,10.0,0.0,0.0,0.0,0.0,0.0,0.0,0.0,0.0,0.0,0.0,0.0,0.0,0.0,0.0,0.0,0.0,0.0,,0.0,0.0,0.0,0.0,0.0,0.0,0.0,0.0,0.0,0.0,0.0,0.0,0.0,0.0,0.0,0.0,0.0,0.0,0.0,0.0,0.0,0.0,2.0,0.0,0.0,0.0,5.0,0.0,0.0,0.0,0.0,0.0,2.0,0.0,0.0
2024-07-03 14:30,0.0,0.0,0.0,0.0,0.0,0.0,0.0,0.0,0.0,0.0,0.0,0.0,0.0,0.0,0.0,0.0,0.0,0.0,0.0,0.0,0.0,0.0,0.0,0.0,0.0,0.0,0.0,0.0,0.0,0.0,0.0,0.0,0.0,0.0,0.0,0.0,0.0,0.0,0.0,0.0,0.0,0.0,0.0,0.0,0.0,0.0,0.0,0.0,0.0,0.0,0.0,0.0,0.0,0.0,0.0,0.0,0.0,0.0,0.0,2.0,0.0,0.0,0.0,0.0,0.0,0.0,0.0,0.0,0.0,0.0,0.0,3.0,0.0,0.0,0.0,0.0,0.0,4.0,0.0,0.0,0.0,0.0,0.0,0.0,0.0,0.0,0.0,0.0,0.0,0.0,0.0,0.0,0.0,0.0,0.0,0.0,0.0,0.0,0.0,0.0,0.0,0.0,0.0,0.0,0.0,0.0,0.0,0.0,1.0,0.0,0.0,0.0,0.0,0.0,0.0,0.0,0.0,0.0,0.0,0.0,0.0,0.0,0.0,0.0,0.0,0.0,2.0,0.0,0.0
2024-07-03 15:20,0.0,0.0,0.0,0.0,0.0,0.0,0.0,0.0,0.0,2.0,0.0,0.0,0.0,0.0,0.0,0.0,0.0,0.0,0.0,0.0,0.0,0.0,0.0,0.0,0.0,0.0,0.0,0.0,0.0,0.0,0.0,0.0,0.0,0.0,0.0,0.0,0.0,0.0,0.0,0.0,0.0,0.0,0.0,0.0,0.0,0.0,0.0,0.0,0.0,0.0,0.0,0.0,0.0,0.0,0.0,0.0,0.0,0.0,0.0,1.0,0.0,0.0,0.0,0.0,0.0,0.0,0.0,0.0,0.0,0.0,0.0,0.0,0.0,0.0,0.0,0.0,0.0,0.0,0.0,0.0,0.0,0.0,0.0,0.0,0.0,0.0,0.0,0.0,0.0,0.0,0.0,0.0,0.0,0.0,0.0,0.0,0.0,0.0,0.0,0.0,0.0,0.0,0.0,0.0,0.0,0.0,0.0,0.0,0.0,0.0,0.0,0.0,0.0,0.0,0.0,0.0,0.0,0.0,0.0,0.0,0.0,0.0,0.0,0.0,0.0,0.0,0.0,0.0,0.0
2024-07-03 16:20,0.0,0.0,0.0,0.0,0.0,0.0,0.0,0.0,0.0,0.0,0.0,0.0,0.0,0.0,0.0,0.0,0.0,0.0,0.0,0.0,0.0,0.0,0.0,0.0,0.0,0.0,0.0,0.0,0.0,0.0,0.0,0.0,0.0,0.0,0.0,0.0,0.0,0.0,0.0,0.0,0.0,0.0,0.0,0.0,0.0,0.0,0.0,0.0,0.0,0.0,0.0,0.0,0.0,0.0,0.0,0.0,0.0,0.0,0.0,0.0,0.0,0.0,0.0,0.0,0.0,0.0,0.0,0.0,0.0,0.0,0.0,0.0,0.0,0.0,0.0,0.0,0.0,0.0,0.0,0.0,0.0,0.0,0.0,0.0,0.0,0.0,0.0,0.0,0.0,0.0,0.0,0.0,0.0,0.0,0.0,0.0,0.0,0.0,0.0,0.0,0.0,0.0,0.0,0.0,0.0,0.0,0.0,0.0,0.0,0.0,0.0,0.0,0.0,0.0,0.0,0.0,0.0,0.0,0.0,0.0,0.0,0.0,0.0,0.0,0.0,0.0,0.0,0.0,0.0
2024-07-03 17:20,0.0,0.0,0.0,0.0,0.0,0.0,0.0,0.0,0.0,0.0,0.0,0.0,0.0,0.0,0.0,0.0,0.0,0.0,0.0,0.0,0.0,0.0,0.0,0.0,0.0,0.0,0.0,0.0,0.0,0.0,0.0,0.0,0.0,0.0,0.0,0.0,0.0,0.0,0.0,0.0,0.0,0.0,0.0,0.0,0.0,0.0,0.0,0.0,0.0,0.0,0.0,0.0,0.0,0.0,0.0,0.0,0.0,0.0,0.0,0.0,0.0,0.0,0.0,0.0,0.0,0.0,0.0,0.0,0.0,0.0,0.0,0.0,0.0,0.0,0.0,0.0,0.0,0.0,0.0,0.0,0.0,0.0,0.0,0.0,0.0,0.0,0.0,0.0,0.0,0.0,0.0,0.0,0.0,0.0,0.0,0.0,0.0,0.0,0.0,0.0,0.0,0.0,0.0,0.0,0.0,0.0,0.0,0.0,0.0,0.0,0.0,0.0,0.0,0.0,0.0,0.0,0.0,0.0,0.0,0.0,0.0,0.0,0.0,0.0,0.0,0.0,0.0,0.0,0.0
2024-07-03 18:20,0.0,0.0,0.0,0.0,0.0,0.0,0.0,0.0,0.0,0.0,0.0,0.0,0.0,0.0,2.0,0.0,0.0,0.0,0.0,0.0,0.0,0.0,0.0,0.0,0.0,0.0,0.0,0.0,0.0,0.0,0.0,0.0,0.0,0.0,0.0,0.0,0.0,0.0,0.0,0.0,0.0,0.0,0.0,0.0,1.0,6.0,0.0,1.0,0.0,0.0,0.0,0.0,0.0,0.0,0.0,0.0,0.0,0.0,0.0,0.0,0.0,1.0,0.0,0.0,0.0,0.0,0.0,0.0,0.0,0.0,0.0,0.0,0.0,0.0,0.0,0.0,0.0,0.0,0.0,0.0,0.0,0.0,0.0,0.0,0.0,0.0,0.0,0.0,0.0,0.0,0.0,0.0,0.0,0.0,0.0,0.0,0.0,0.0,0.0,0.0,0.0,0.0,0.0,0.0,0.0,0.0,0.0,0.0,0.0,0.0,0.0,0.0,0.0,0.0,0.0,0.0,0.0,0.0,0.0,0.0,0.0,0.0,0.0,0.0,0.0,0.0,0.0,0.0,0.0
2024-07-03 19:20,0.0,0.0,0.0,0.0,0.0,0.0,0.0,0.0,0.0,0.0,0.0,0.0,0.0,0.0,5.0,0.0,0.0,0.0,0.0,0.0,3.0,9.0,0.0,0.0,0.0,0.0,0.0,0.0,0.0,0.0,0.0,0.0,0.0,0.0,0.0,0.0,0.0,0.0,0.0,0.0,0.0,0.0,0.0,0.0,10.0,8.0,0.0,4.0,2.0,0.0,0.0,9.0,1.0,0.0,0.0,0.0,0.0,0.0,0.0,0.0,0.0,0.0,0.0,0.0,0.0,0.0,0.0,0.0,0.0,0.0,0.0,0.0,0.0,0.0,0.0,0.0,0.0,0.0,0.0,0.0,0.0,0.0,0.0,0.0,0.0,0.0,0.0,0.0,0.0,0.0,0.0,0.0,5.0,0.0,0.0,0.0,0.0,0.0,0.0,0.0,0.0,0.0,0.0,0.0,0.0,0.0,0.0,0.0,0.0,0.0,0.0,0.0,0.0,0.0,0.0,0.0,0.0,0.0,0.0,2.0,0.0,0.0,0.0,0.0,0.0,0.0,0.0,0.0,0.0
2024-07-03 20:20,0.0,0.0,0.0,0.0,0.0,0.0,0.0,0.0,0.0,0.0,0.0,0.0,0.0,0.0,0.0,0.0,0.0,0.0,0.0,0.0,0.0,7.0,0.0,0.0,0.0,0.0,0.0,0.0,0.0,0.0,0.0,0.0,0.0,0.0,0.0,0.0,0.0,0.0,0.0,0.0,0.0,0.0,0.0,0.0,0.0,1.0,0.0,4.0,4.0,0.0,0.0,0.0,0.0,0.0,0.0,0.0,0.0,0.0,0.0,0.0,0.0,0.0,0.0,0.0,0.0,0.0,0.0,0.0,0.0,0.0,0.0,0.0,0.0,0.0,0.0,0.0,0.0,0.0,0.0,0.0,0.0,0.0,0.0,0.0,2.0,0.0,0.0,0.0,0.0,0.0,0.0,0.0,1.0,0.0,0.0,0.0,0.0,0.0,0.0,0.0,0.0,0.0,0.0,0.0,0.0,0.0,0.0,0.0,0.0,0.0,0.0,0.0,0.0,0.0,0.0,0.0,0.0,0.0,0.0,0.0,0.0,0.0,0.0,0.0,0.0,0.0,0.0,0.0,0.0
2024-07-04 08:20,0.0,10.0,0.0,0.0,0.0,0.0,10.0,0.0,0.0,0.0,1.0,2.0,0.0,0.0,2.0,1.0,0.0,7.0,0.0,0.0,4.0,10.0,10.0,1.0,5.0,1.0,0.0,10.0,9.0,3.0,10.0,9.0,0.0,0.0,0.0,10.0,1.0,10.0,0.0,10.0,5.0,5.0,8.0,10.0,10.0,9.0,0.0,10.0,10.0,0.0,0.0,4.0,0.0,10.0,6.0,0.0,10.0,0.0,10.0,9.0,0.0,10.0,10.0,0.0,0.0,10.0,5.0,0.0,8.0,0.0,2.0,10.0,1.0,1.0,1.0,10.0,0.0,7.0,2.0,0.0,3.0,0.0,4.0,6.0,0.0,0.0,10.0,3.0,0.0,0.0,0.0,4.0,10.0,0.0,0.0,0.0,10.0,8.0,3.0,10.0,0.0,0.0,0.0,0.0,0.0,10.0,0.0,7.0,10.0,10.0,0.0,10.0,10.0,0.0,0.0,0.0,0.0,0.0,10.0,10.0,10.0,1.0,10.0,10.0,10.0,0.0,10.0,0.0,9.0
2024-07-04 09:10,1.0,9.0,,7.0,,10.0,,2.0,0.0,10.0,4.0,,0.0,1.0,10.0,,,,,0.0,,10.0,,,3.0,,,,,2.0,,,,0.0,,,,,4.0,,,4.0,3.0,10.0,10.0,,,10.0,,,0.0,6.0,10.0,,,,,10.0,,,10.0,10.0,10.0,0.0,0.0,,,,3.0,0.0,10.0,,2.0,,1.0,,5.0,0.0,7.0,8.0,,,1.0,,,4.0,10.0,,10.0,,4.0,,,0.0,,0.0,10.0,2.0,,10.0,,0.0,,,,,0.0,3.0,,,10.0,4.0,10.0,,10.0,3.0,0.0,10.0,,,,,10.0,10.0,10.0,,10.0,0.0,
2024-07-04 10:20,4.0,10.0,10.0,4.0,0.0,10.0,10.0,1.0,0.0,10.0,1.0,5.0,10.0,1.0,2.0,0.0,0.0,10.0,10.0,0.0,0.0,10.0,10.0,7.0,8.0,0.0,3.0,10.0,0.0,10.0,10.0,1.0,0.0,0.0,10.0,10.0,0.0,3.0,0.0,10.0,3.0,0.0,9.0,10.0,10.0,10.0,0.0,10.0,10.0,10.0,0.0,3.0,2.0,10.0,7.0,0.0,10.0,3.0,10.0,10.0,10.0,10.0,10.0,0.0,3.0,10.0,1.0,7.0,10.0,3.0,10.0,10.0,4.0,0.0,6.0,10.0,3.0,6.0,10.0,0.0,10.0,0.0,8.0,10.0,8.0,1.0,10.0,0.0,10.0,4.0,6.0,0.0,10.0,0.0,3.0,3.0,10.0,4.0,0.0,10.0,0.0,9.0,10.0,0.0,2.0,9.0,1.0,1.0,10.0,10.0,10.0,8.0,10.0,0.0,3.0,0.0,0.0,10.0,6.0,10.0,10.0,2.0,10.0,10.0,10.0,3.0,10.0,10.0,1.0
2024-07-04 11:20,5.0,,,3.0,,10.0,,9.0,0.0,10.0,,9.0,,,,,,10.0,10.0,0.0,0.0,10.0,10.0,8.0,9.0,,3.0,,0.0,,,,,0.0,10.0,,,10.0,0.0,,,0.0,2.0,10.0,,10.0,10.0,10.0,,10.0,0.0,,9.0,,4.0,,,1.0,,10.0,,10.0,10.0,0.0,4.0,,,0.0,,,8.0,10.0,0.0,,9.0,10.0,0.0,10.0,10.0,,,,,10.0,,2.0,10.0,0.0,10.0,6.0,0.0,0.0,,8.0,7.0,1.0,,0.0,10.0,10.0,,0.0,10.0,,0.0,10.0,,,,10.0,,,10.0,,,,1.0,,8.0,10.0,10.0,,10.0,10.0,10.0,10.0,10.0,10.0,
2024-07-04 12:20,2.0,10.0,,2.0,,10.0,10.0,,,,8.0,3.0,10.0,,5.0,,8.0,10.0,10.0,,,10.0,10.0,10.0,10.0,10.0,,10.0,9.0,,4.0,3.0,0.0,6.0,,,0.0,9.0,0.0,,,0.0,,10.0,10.0,,8.0,10.0,8.0,10.0,0.0,9.0,9.0,,10.0,0.0,,0.0,,10.0,10.0,10.0,10.0,0.0,,,4.0,0.0,,,10.0,,1.0,10.0,2.0,10.0,0.0,10.0,10.0,5.0,,,2.0,10.0,0.0,,10.0,6.0,,,0.0,8.0,5.0,9.0,8.0,10.0,4.0,10.0,1.0,10.0,,2.0,10.0,0.0,,10.0,,,9.0,,,,10.0,10.0,10.0,,,10.0,10.0,,10.0,3.0,10.0,10.0,10.0,,10.0,,
2024-07-04 13:10,0.0,10.0,7.0,10.0,1.0,10.0,10.0,6.0,9.0,10.0,8.0,3.0,10.0,8.0,3.0,2.0,0.0,10.0,10.0,0.0,4.0,10.0,10.0,10.0,6.0,1.0,5.0,10.0,3.0,10.0,10.0,10.0,4.0,10.0,10.0,10.0,1.0,10.0,3.0,10.0,9.0,2.0,10.0,10.0,10.0,10.0,6.0,10.0,10.0,10.0,0.0,4.0,7.0,10.0,10.0,2.0,10.0,4.0,10.0,10.0,10.0,10.0,10.0,0.0,1.0,10.0,9.0,1.0,,3.0,10.0,10.0,3.0,8.0,1.0,10.0,3.0,10.0,10.0,10.0,10.0,10.0,7.0,10.0,9.0,0.0,10.0,3.0,0.0,2.0,7.0,6.0,1.0,10.0,7.0,10.0,9.0,10.0,0.0,10.0,4.0,10.0,10.0,1.0,0.0,10.0,1.0,0.0,7.0,10.0,10.0,10.0,10.0,9.0,1.0,6.0,10.0,10.0,10.0,10.0,10.0,8.0,6.0,10.0,10.0,0.0,10.0,10.0,8.0
2024-07-04 14:30,0.0,10.0,10.0,3.0,0.0,10.0,10.0,3.0,10.0,10.0,4.0,7.0,10.0,0.0,10.0,10.0,1.0,10.0,10.0,1.0,9.0,10.0,10.0,7.0,9.0,1.0,0.0,10.0,0.0,9.0,9.0,5.0,5.0,10.0,10.0,10.0,4.0,10.0,0.0,10.0,9.0,6.0,10.0,10.0,10.0,10.0,10.0,10.0,10.0,10.0,5.0,10.0,8.0,10.0,3.0,2.0,10.0,10.0,10.0,10.0,10.0,10.0,10.0,8.0,0.0,10.0,10.0,2.0,,8.0,10.0,10.0,8.0,0.0,8.0,10.0,4.0,10.0,10.0,10.0,10.0,5.0,10.0,10.0,0.0,3.0,10.0,8.0,0.0,10.0,10.0,10.0,5.0,8.0,10.0,10.0,10.0,10.0,1.0,10.0,10.0,10.0,10.0,7.0,3.0,10.0,0.0,0.0,10.0,10.0,10.0,9.0,10.0,10.0,10.0,10.0,5.0,10.0,9.0,10.0,10.0,2.0,10.0,10.0,10.0,9.0,10.0,10.0,10.0
2024-07-04 15:20,8.0,10.0,8.0,0.0,1.0,10.0,10.0,3.0,0.0,10.0,10.0,7.0,10.0,0.0,10.0,10.0,5.0,10.0,10.0,1.0,10.0,10.0,10.0,2.0,10.0,1.0,7.0,10.0,6.0,0.0,9.0,10.0,0.0,0.0,10.0,10.0,3.0,10.0,0.0,10.0,9.0,9.0,10.0,10.0,10.0,10.0,6.0,10.0,10.0,10.0,0.0,10.0,10.0,10.0,2.0,2.0,10.0,10.0,10.0,10.0,10.0,10.0,10.0,0.0,6.0,10.0,10.0,1.0,,0.0,10.0,10.0,7.0,2.0,10.0,10.0,7.0,8.0,10.0,10.0,10.0,4.0,10.0,10.0,0.0,0.0,6.0,10.0,0.0,7.0,7.0,10.0,0.0,10.0,10.0,10.0,10.0,10.0,2.0,10.0,10.0,8.0,10.0,4.0,0.0,10.0,0.0,0.0,10.0,10.0,5.0,6.0,10.0,1.0,10.0,0.0,6.0,10.0,9.0,10.0,,10.0,10.0,10.0,10.0,4.0,10.0,10.0,10.0
2024-07-04 16:20,4.0,10.0,2.0,0.0,0.0,8.0,7.0,10.0,10.0,10.0,9.0,0.0,10.0,0.0,6.0,10.0,0.0,10.0,10.0,0.0,0.0,10.0,10.0,2.0,10.0,0.0,9.0,10.0,1.0,5.0,9.0,10.0,0.0,6.0,10.0,10.0,0.0,5.0,0.0,10.0,0.0,0.0,8.0,10.0,10.0,10.0,1.0,10.0,10.0,10.0,0.0,0.0,2.0,10.0,10.0,0.0,5.0,10.0,5.0,10.0,10.0,10.0,10.0,5.0,0.0,10.0,9.0,3.0,,0.0,10.0,9.0,0.0,9.0,0.0,10.0,0.0,0.0,0.0,8.0,10.0,0.0,10.0,10.0,0.0,3.0,9.0,1.0,0.0,0.0,0.0,5.0,0.0,1.0,10.0,10.0,8.0,10.0,1.0,10.0,6.0,0.0,10.0,0.0,2.0,5.0,0.0,0.0,2.0,10.0,1.0,10.0,10.0,9.0,2.0,3.0,1.0,10.0,5.0,10.0,10.0,10.0,1.0,10.0,8.0,9.0,8.0,0.0,4.0
2024-07-04 17:10,1.0,8.0,,0.0,0.0,3.0,0.0,,2.0,10.0,,,2.0,0.0,,,6.0,,,,,,10.0,,,,,,,,,0.0,,,10.0,10.0,6.0,,0.0,0.0,,,2.0,10.0,10.0,10.0,0.0,10.0,2.0,8.0,4.0,0.0,,4.0,0.0,,,0.0,0.0,10.0,8.0,10.0,10.0,,0.0,10.0,0.0,0.0,2.0,,2.0,9.0,8.0,0.0,,10.0,0.0,0.0,,,,,,0.0,1.0,,0.0,,1.0,4.0,0.0,0.0,,0.0,0.0,0.0,5.0,0.0,0.0,8.0,0.0,0.0,7.0,0.0,0.0,5.0,0.0,0.0,0.0,10.0,,0.0,,,,,0.0,0.0,,,0.0,6.0,1.0,10.0,3.0,0.0,10.0,0.0,0.0
2024-07-04 18:20,8.0,0.0,0.0,0.0,0.0,0.0,0.0,0.0,5.0,0.0,0.0,7.0,0.0,3.0,0.0,0.0,0.0,0.0,0.0,0.0,0.0,10.0,10.0,0.0,0.0,0.0,0.0,2.0,1.0,0.0,0.0,0.0,0.0,0.0,9.0,10.0,0.0,0.0,8.0,3.0,0.0,0.0,0.0,2.0,10.0,10.0,0.0,10.0,7.0,0.0,0.0,0.0,0.0,1.0,0.0,3.0,3.0,0.0,0.0,0.0,0.0,10.0,0.0,0.0,0.0,10.0,0.0,10.0,6.0,0.0,0.0,1.0,1.0,5.0,7.0,0.0,8.0,0.0,0.0,0.0,0.0,0.0,9.0,0.0,10.0,1.0,0.0,3.0,0.0,1.0,9.0,1.0,5.0,0.0,0.0,0.0,0.0,0.0,0.0,0.0,0.0,0.0,5.0,0.0,8.0,1.0,0.0,0.0,0.0,6.0,2.0,0.0,8.0,1.0,0.0,0.0,0.0,3.0,0.0,10.0,0.0,0.0,0.0,5.0,3.0,9.0,0.0,0.0,0.0
2024-07-04 19:20,0.0,0.0,0.0,0.0,0.0,0.0,0.0,0.0,0.0,0.0,0.0,0.0,0.0,10.0,1.0,0.0,0.0,0.0,0.0,0.0,1.0,9.0,9.0,0.0,0.0,0.0,0.0,0.0,6.0,0.0,0.0,0.0,0.0,0.0,0.0,1.0,0.0,0.0,1.0,0.0,0.0,0.0,0.0,4.0,9.0,7.0,2.0,9.0,7.0,0.0,0.0,0.0,0.0,0.0,5.0,0.0,0.0,0.0,0.0,0.0,0.0,4.0,0.0,0.0,2.0,0.0,0.0,0.0,2.0,0.0,0.0,0.0,0.0,0.0,0.0,0.0,0.0,0.0,0.0,0.0,0.0,1.0,10.0,0.0,0.0,1.0,0.0,1.0,0.0,0.0,0.0,0.0,1.0,0.0,0.0,0.0,0.0,0.0,0.0,7.0,0.0,0.0,0.0,0.0,0.0,0.0,0.0,0.0,0.0,10.0,0.0,0.0,1.0,0.0,0.0,0.0,0.0,0.0,0.0,10.0,0.0,0.0,0.0,2.0,0.0,7.0,0.0,0.0,0.0
2024-07-04 20:20,0.0,0.0,0.0,0.0,0.0,0.0,0.0,0.0,7.0,0.0,0.0,4.0,0.0,0.0,3.0,0.0,0.0,0.0,0.0,0.0,8.0,7.0,0.0,0.0,0.0,0.0,0.0,1.0,8.0,0.0,0.0,0.0,0.0,0.0,0.0,0.0,0.0,0.0,0.0,1.0,7.0,0.0,0.0,0.0,0.0,8.0,0.0,1.0,10.0,0.0,0.0,9.0,1.0,0.0,0.0,0.0,0.0,0.0,0.0,0.0,0.0,0.0,0.0,2.0,0.0,0.0,0.0,0.0,0.0,0.0,0.0,0.0,2.0,0.0,3.0,0.0,0.0,0.0,0.0,0.0,0.0,0.0,9.0,0.0,0.0,0.0,0.0,0.0,0.0,10.0,0.0,10.0,3.0,0.0,0.0,0.0,0.0,0.0,0.0,0.0,0.0,0.0,0.0,8.0,0.0,0.0,0.0,0.0,0.0,0.0,0.0,0.0,0.0,0.0,0.0,0.0,0.0,0.0,0.0,10.0,0.0,0.0,0.0,0.0,0.0,0.0,0.0,0.0,0.0
2024-07-05 08:20,10.0,10.0,10.0,10.0,8.0,0.0,10.0,10.0,10.0,10.0,10.0,10.0,0.0,10.0,10.0,10.0,10.0,10.0,0.0,10.0,10.0,10.0,10.0,10.0,10.0,10.0,10.0,10.0,10.0,10.0,10.0,0.0,10.0,10.0,0.0,10.0,10.0,10.0,10.0,10.0,10.0,10.0,10.0,10.0,10.0,8.0,10.0,10.0,10.0,0.0,10.0,10.0,10.0,10.0,10.0,5.0,10.0,10.0,10.0,10.0,10.0,10.0,10.0,10.0,8.0,10.0,10.0,10.0,10.0,0.0,10.0,10.0,10.0,1.0,10.0,10.0,10.0,10.0,10.0,10.0,10.0,10.0,10.0,10.0,10.0,10.0,10.0,10.0,10.0,2.0,10.0,9.0,10.0,,10.0,10.0,10.0,10.0,1.0,10.0,10.0,10.0,0.0,10.0,8.0,10.0,10.0,10.0,10.0,10.0,0.0,10.0,10.0,1.0,0.0,10.0,0.0,0.0,10.0,10.0,10.0,10.0,10.0,10.0,10.0,10.0,10.0,0.0,10.0
2024-07-05 09:10,9.0,,10.0,10.0,,,10.0,10.0,10.0,10.0,,,,10.0,10.0,10.0,10.0,10.0,0.0,8.0,,8.0,10.0,10.0,,10.0,10.0,10.0,10.0,4.0,10.0,10.0,10.0,9.0,0.0,10.0,10.0,,10.0,10.0,,,,10.0,,,10.0,10.0,10.0,0.0,10.0,10.0,10.0,10.0,10.0,10.0,10.0,10.0,10.0,,10.0,10.0,10.0,10.0,0.0,10.0,10.0,10.0,10.0,,,10.0,10.0,10.0,10.0,,10.0,10.0,,10.0,10.0,10.0,10.0,10.0,,7.0,10.0,10.0,10.0,10.0,10.0,10.0,8.0,,10.0,10.0,10.0,10.0,10.0,10.0,10.0,0.0,10.0,10.0,10.0,,9.0,10.0,10.0,,,,10.0,10.0,10.0,10.0,10.0,10.0,,10.0,10.0,,10.0,10.0,10.0,9.0,10.0,0.0,10.0
2024-07-05 10:20,10.0,10.0,10.0,10.0,8.0,10.0,10.0,10.0,10.0,10.0,10.0,8.0,10.0,10.0,10.0,10.0,10.0,10.0,10.0,1.0,0.0,0.0,10.0,10.0,10.0,10.0,10.0,10.0,7.0,10.0,10.0,10.0,10.0,2.0,10.0,10.0,10.0,10.0,9.0,10.0,0.0,10.0,10.0,10.0,10.0,10.0,10.0,10.0,10.0,10.0,10.0,2.0,10.0,10.0,10.0,10.0,10.0,10.0,10.0,10.0,10.0,10.0,10.0,10.0,9.0,10.0,10.0,10.0,10.0,10.0,10.0,10.0,10.0,10.0,10.0,10.0,10.0,10.0,10.0,10.0,10.0,10.0,10.0,10.0,10.0,10.0,10.0,0.0,10.0,10.0,10.0,6.0,9.0,,7.0,10.0,10.0,10.0,10.0,10.0,10.0,10.0,10.0,10.0,10.0,10.0,10.0,10.0,10.0,10.0,10.0,10.0,10.0,5.0,10.0,8.0,10.0,10.0,10.0,10.0,10.0,10.0,10.0,10.0,10.0,10.0,10.0,10.0,10.0
2024-07-05 11:20,10.0,10.0,10.0,10.0,10.0,10.0,10.0,10.0,10.0,10.0,9.0,10.0,10.0,10.0,10.0,10.0,10.0,10.0,10.0,6.0,3.0,4.0,10.0,10.0,10.0,10.0,10.0,10.0,9.0,10.0,10.0,10.0,10.0,1.0,10.0,10.0,10.0,10.0,10.0,10.0,8.0,10.0,10.0,10.0,8.0,10.0,10.0,10.0,10.0,10.0,3.0,6.0,10.0,10.0,10.0,10.0,10.0,10.0,7.0,10.0,10.0,10.0,10.0,10.0,9.0,10.0,10.0,10.0,10.0,10.0,10.0,10.0,1.0,10.0,10.0,10.0,10.0,10.0,10.0,10.0,10.0,10.0,10.0,10.0,10.0,10.0,10.0,9.0,10.0,10.0,10.0,10.0,10.0,,10.0,10.0,9.0,10.0,9.0,10.0,10.0,10.0,10.0,10.0,10.0,10.0,10.0,10.0,10.0,10.0,10.0,10.0,10.0,7.0,10.0,2.0,10.0,10.0,10.0,10.0,10.0,5.0,10.0,10.0,10.0,10.0,10.0,10.0,10.0
2024-07-05 12:20,10.0,10.0,10.0,10.0,10.0,10.0,6.0,10.0,0.0,10.0,10.0,10.0,10.0,10.0,10.0,10.0,10.0,10.0,6.0,10.0,10.0,10.0,10.0,10.0,10.0,10.0,10.0,10.0,0.0,10.0,10.0,10.0,10.0,10.0,10.0,10.0,10.0,10.0,10.0,10.0,10.0,10.0,10.0,10.0,10.0,10.0,10.0,10.0,10.0,10.0,0.0,10.0,10.0,10.0,10.0,10.0,10.0,10.0,10.0,10.0,10.0,10.0,10.0,0.0,10.0,10.0,10.0,10.0,10.0,3.0,10.0,10.0,10.0,10.0,10.0,10.0,10.0,9.0,10.0,10.0,10.0,10.0,10.0,10.0,10.0,10.0,10.0,10.0,10.0,10.0,10.0,10.0,1.0,,10.0,10.0,3.0,10.0,10.0,7.0,10.0,10.0,10.0,10.0,10.0,10.0,10.0,10.0,10.0,10.0,10.0,10.0,10.0,10.0,10.0,1.0,10.0,10.0,10.0,10.0,10.0,10.0,10.0,10.0,0.0,10.0,10.0,10.0,10.0
2024-07-05 13:10,10.0,9.0,10.0,10.0,10.0,1.0,10.0,10.0,9.0,10.0,10.0,10.0,10.0,10.0,10.0,10.0,10.0,,1.0,10.0,10.0,9.0,10.0,10.0,10.0,10.0,10.0,10.0,0.0,10.0,10.0,10.0,10.0,10.0,10.0,10.0,10.0,10.0,10.0,10.0,10.0,10.0,10.0,10.0,10.0,8.0,10.0,10.0,7.0,10.0,9.0,10.0,10.0,10.0,10.0,10.0,10.0,10.0,5.0,8.0,10.0,10.0,10.0,8.0,10.0,0.0,10.0,10.0,10.0,10.0,10.0,10.0,10.0,10.0,10.0,10.0,5.0,10.0,10.0,10.0,10.0,10.0,10.0,10.0,10.0,10.0,10.0,10.0,10.0,10.0,10.0,10.0,0.0,,10.0,10.0,8.0,8.0,10.0,0.0,9.0,10.0,6.0,10.0,10.0,10.0,10.0,10.0,8.0,10.0,8.0,9.0,10.0,10.0,10.0,10.0,10.0,10.0,10.0,10.0,10.0,10.0,10.0,10.0,0.0,10.0,10.0,10.0,10.0
2024-07-05 14:30,9.0,0.0,10.0,10.0,0.0,10.0,0.0,10.0,9.0,10.0,10.0,0.0,7.0,0.0,10.0,10.0,9.0,10.0,0.0,8.0,10.0,0.0,10.0,10.0,10.0,10.0,10.0,10.0,3.0,10.0,10.0,10.0,10.0,7.0,4.0,10.0,10.0,0.0,10.0,10.0,10.0,8.0,10.0,10.0,3.0,8.0,10.0,0.0,0.0,10.0,0.0,10.0,6.0,10.0,10.0,10.0,10.0,10.0,0.0,10.0,10.0,10.0,10.0,9.0,10.0,5.0,9.0,10.0,10.0,10.0,10.0,0.0,7.0,10.0,0.0,10.0,10.0,3.0,10.0,10.0,6.0,10.0,10.0,9.0,10.0,10.0,10.0,10.0,8.0,8.0,10.0,10.0,3.0,,10.0,10.0,10.0,10.0,8.0,1.0,9.0,10.0,5.0,4.0,10.0,10.0,10.0,10.0,7.0,10.0,1.0,8.0,10.0,10.0,10.0,10.0,1.0,10.0,10.0,10.0,10.0,10.0,10.0,10.0,0.0,10.0,10.0,10.0,9.0
2024-07-05 15:10,5.0,9.0,10.0,10.0,10.0,7.0,1.0,10.0,1.0,10.0,10.0,10.0,10.0,10.0,10.0,10.0,8.0,10.0,0.0,10.0,10.0,,10.0,5.0,9.0,10.0,10.0,10.0,0.0,10.0,5.0,10.0,10.0,10.0,0.0,10.0,4.0,2.0,9.0,10.0,10.0,7.0,10.0,10.0,4.0,10.0,10.0,0.0,0.0,10.0,0.0,10.0,10.0,10.0,10.0,10.0,8.0,3.0,0.0,10.0,10.0,10.0,9.0,2.0,10.0,8.0,10.0,10.0,10.0,10.0,9.0,0.0,10.0,10.0,10.0,10.0,10.0,10.0,3.0,10.0,9.0,10.0,8.0,10.0,10.0,10.0,10.0,10.0,3.0,10.0,10.0,10.0,0.0,,10.0,10.0,10.0,3.0,4.0,0.0,7.0,10.0,0.0,0.0,10.0,10.0,10.0,10.0,0.0,10.0,2.0,4.0,9.0,10.0,3.0,1.0,10.0,10.0,10.0,10.0,8.0,10.0,10.0,10.0,0.0,3.0,10.0,8.0,9.0
2024-07-05 16:20,10.0,9.0,7.0,10.0,2.0,6.0,6.0,10.0,0.0,9.0,10.0,9.0,1.0,10.0,10.0,10.0,10.0,10.0,0.0,10.0,10.0,0.0,8.0,0.0,0.0,10.0,10.0,10.0,0.0,10.0,5.0,9.0,10.0,9.0,8.0,10.0,10.0,3.0,10.0,10.0,10.0,9.0,10.0,10.0,8.0,6.0,10.0,4.0,6.0,10.0,4.0,10.0,10.0,10.0,10.0,10.0,10.0,8.0,0.0,10.0,10.0,10.0,10.0,1.0,9.0,2.0,9.0,10.0,10.0,9.0,9.0,2.0,6.0,10.0,8.0,4.0,10.0,10.0,2.0,9.0,0.0,10.0,6.0,10.0,1.0,10.0,8.0,9.0,8.0,9.0,3.0,9.0,0.0,,10.0,9.0,10.0,7.0,3.0,0.0,9.0,10.0,3.0,9.0,2.0,10.0,10.0,9.0,0.0,10.0,0.0,0.0,10.0,10.0,10.0,9.0,7.0,10.0,10.0,10.0,2.0,10.0,10.0,10.0,0.0,10.0,10.0,1.0,0.0
2024-07-05 17:10,10.0,10.0,10.0,6.0,,2.0,0.0,,0.0,,10.0,8.0,3.0,10.0,9.0,10.0,6.0,10.0,0.0,7.0,10.0,,,8.0,4.0,10.0,,9.0,,,,,,10.0,,,,,,,9.0,7.0,,10.0,0.0,,10.0,,2.0,,,,9.0,10.0,,,10.0,,2.0,10.0,8.0,,,,,0.0,9.0,,,0.0,10.0,2.0,5.0,10.0,,10.0,10.0,2.0,4.0,7.0,,,,,,,10.0,10.0,,,10.0,,,,,10.0,,10.0,3.0,,,,3.0,,3.0,10.0,,6.0,,10.0,0.0,1.0,10.0,4.0,10.0,,,,,,,,10.0,,0.0,,10.0,,6.0
2024-07-05 18:20,0.0,,5.0,10.0,,,,0.0,0.0,,0.0,0.0,0.0,,,,,10.0,,0.0,0.0,0.0,10.0,,,,10.0,,0.0,0.0,10.0,,,0.0,,,,1.0,,,0.0,,,10.0,0.0,,,,1.0,0.0,,,9.0,,0.0,0.0,10.0,3.0,0.0,3.0,9.0,0.0,6.0,0.0,,0.0,2.0,0.0,10.0,,,3.0,,,0.0,0.0,,3.0,4.0,,0.0,10.0,10.0,,2.0,,10.0,,,0.0,0.0,10.0,0.0,,,,10.0,0.0,7.0,,1.0,2.0,0.0,0.0,3.0,,0.0,7.0,10.0,10.0,0.0,10.0,10.0,1.0,0.0,,,5.0,10.0,10.0,2.0,0.0,10.0,,0.0,,8.0,5.0,
2024-07-05 19:20,0.0,,5.0,,0.0,0.0,,0.0,,10.0,0.0,0.0,,,,0.0,0.0,,0.0,0.0,0.0,0.0,,,,0.0,0.0,,0.0,0.0,0.0,,,,0.0,0.0,0.0,,,,0.0,6.0,,0.0,,8.0,0.0,0.0,,0.0,0.0,0.0,10.0,2.0,4.0,0.0,6.0,,,1.0,,,,1.0,,0.0,0.0,0.0,,0.0,,,,,0.0,0.0,0.0,1.0,,1.0,0.0,0.0,10.0,1.0,0.0,,2.0,0.0,10.0,0.0,0.0,0.0,0.0,,0.0,10.0,0.0,4.0,1.0,0.0,,0.0,0.0,0.0,0.0,9.0,0.0,,,1.0,0.0,,,,0.0,0.0,0.0,0.0,0.0,,,,0.0,3.0,,0.0,1.0,,3.0
2024-07-05 20:20,0.0,0.0,0.0,0.0,0.0,0.0,0.0,0.0,3.0,0.0,0.0,0.0,0.0,0.0,0.0,0.0,1.0,1.0,0.0,0.0,0.0,0.0,0.0,0.0,0.0,0.0,0.0,0.0,0.0,0.0,0.0,0.0,0.0,0.0,0.0,0.0,2.0,0.0,0.0,0.0,7.0,0.0,0.0,4.0,0.0,0.0,0.0,0.0,0.0,0.0,10.0,0.0,0.0,0.0,0.0,0.0,1.0,0.0,0.0,0.0,0.0,0.0,0.0,5.0,0.0,0.0,0.0,0.0,0.0,0.0,0.0,0.0,0.0,0.0,1.0,0.0,0.0,0.0,0.0,0.0,0.0,0.0,0.0,0.0,8.0,0.0,0.0,5.0,0.0,5.0,0.0,4.0,0.0,,0.0,0.0,0.0,0.0,0.0,0.0,9.0,0.0,0.0,3.0,0.0,0.0,0.0,0.0,0.0,0.0,0.0,0.0,0.0,0.0,0.0,0.0,0.0,0.0,0.0,2.0,0.0,0.0,0.0,0.0,0.0,0.0,0.0,0.0,0.0
2024-07-06 08:20,10.0,0.0,0.0,10.0,10.0,0.0,2.0,10.0,10.0,5.0,7.0,10.0,0.0,10.0,0.0,2.0,10.0,0.0,0.0,0.0,0.0,0.0,0.0,9.0,10.0,10.0,9.0,0.0,0.0,0.0,1.0,0.0,7.0,2.0,0.0,10.0,10.0,6.0,10.0,1.0,0.0,0.0,6.0,0.0,0.0,0.0,10.0,0.0,0.0,0.0,10.0,0.0,0.0,0.0,0.0,10.0,0.0,0.0,0.0,0.0,9.0,0.0,0.0,10.0,10.0,0.0,0.0,10.0,0.0,10.0,0.0,0.0,9.0,10.0,10.0,0.0,10.0,10.0,10.0,0.0,9.0,10.0,0.0,0.0,10.0,10.0,0.0,0.0,0.0,10.0,10.0,0.0,0.0,,3.0,6.0,10.0,0.0,10.0,1.0,10.0,0.0,0.0,9.0,10.0,0.0,10.0,9.0,10.0,7.0,0.0,10.0,1.0,0.0,10.0,0.0,0.0,0.0,10.0,10.0,9.0,10.0,10.0,0.0,0.0,9.0,0.0,0.0,10.0
2024-07-06 09:00,,,,,10.0,,,0.0,,6.0,0.0,1.0,,,,0.0,9.0,0.0,0.0,,,0.0,,3.0,10.0,10.0,,10.0,0.0,,,0.0,,,0.0,10.0,6.0,,10.0,0.0,,0.0,3.0,10.0,,0.0,10.0,0.0,0.0,0.0,,4.0,0.0,0.0,0.0,,,,0.0,0.0,,,5.0,0.0,,0.0,,10.0,,,,,,,0.0,,10.0,,10.0,,,10.0,,2.0,7.0,,,,8.0,2.0,,0.0,,,0.0,0.0,6.0,,10.0,1.0,10.0,0.0,,2.0,10.0,0.0,,,,,,10.0,0.0,0.0,9.0,,,,,10.0,8.0,,8.0,5.0,0.0,9.0,0.0,,
2024-07-06 10:20,10.0,0.0,2.0,10.0,,0.0,0.0,0.0,,10.0,0.0,,,10.0,0.0,,2.0,0.0,0.0,,0.0,0.0,,,,10.0,8.0,2.0,,,8.0,0.0,9.0,5.0,0.0,2.0,,0.0,,10.0,7.0,0.0,0.0,,0.0,0.0,3.0,,0.0,1.0,0.0,,0.0,0.0,0.0,10.0,1.0,0.0,0.0,2.0,2.0,0.0,4.0,0.0,,2.0,0.0,10.0,0.0,10.0,9.0,3.0,10.0,,0.0,0.0,10.0,10.0,10.0,,,3.0,1.0,0.0,2.0,,0.0,0.0,8.0,,3.0,0.0,0.0,,5.0,0.0,3.0,,4.0,0.0,0.0,,0.0,1.0,,0.0,10.0,7.0,7.0,,0.0,10.0,9.0,0.0,10.0,,9.0,1.0,9.0,,10.0,,,8.0,,,4.0,0.0,
2024-07-06 11:20,8.0,1.0,0.0,9.0,,7.0,7.0,0.0,0.0,,0.0,,0.0,10.0,0.0,,0.0,,,,,,,,4.0,,9.0,1.0,0.0,0.0,,0.0,3.0,,,2.0,0.0,8.0,,,,0.0,,0.0,0.0,,3.0,0.0,0.0,1.0,,,,0.0,0.0,6.0,,0.0,0.0,0.0,2.0,0.0,0.0,0.0,10.0,4.0,,,0.0,10.0,0.0,0.0,,3.0,1.0,2.0,4.0,10.0,3.0,,1.0,,0.0,,,,0.0,,0.0,,0.0,,0.0,,0.0,,1.0,0.0,10.0,0.0,,0.0,3.0,1.0,10.0,4.0,10.0,8.0,1.0,0.0,0.0,5.0,4.0,,,,,0.0,,2.0,,,,0.0,0.0,,0.0,0.0,3.0
2024-07-06 12:20,10.0,0.0,0.0,5.0,,2.0,1.0,0.0,0.0,0.0,0.0,4.0,0.0,8.0,0.0,0.0,0.0,2.0,0.0,0.0,,,0.0,1.0,,,,0.0,0.0,,,0.0,0.0,0.0,0.0,,0.0,,,0.0,0.0,0.0,,0.0,0.0,6.0,,0.0,0.0,0.0,,0.0,0.0,0.0,0.0,1.0,1.0,0.0,0.0,,0.0,0.0,0.0,0.0,10.0,,0.0,1.0,,10.0,0.0,0.0,0.0,0.0,1.0,0.0,1.0,10.0,9.0,0.0,,,,,,10.0,0.0,0.0,,,0.0,,0.0,,,0.0,0.0,,0.0,0.0,,0.0,,0.0,0.0,0.0,10.0,0.0,,,0.0,8.0,0.0,0.0,8.0,,,0.0,2.0,0.0,,0.0,,,,,6.0,0.0,1.0
2024-07-06 13:10,0.0,0.0,0.0,1.0,8.0,0.0,0.0,,0.0,2.0,0.0,0.0,,6.0,0.0,0.0,0.0,0.0,0.0,0.0,0.0,,0.0,,0.0,0.0,1.0,,0.0,0.0,,2.0,,,,,,,,,0.0,0.0,0.0,0.0,0.0,,7.0,,0.0,,,,,0.0,0.0,,0.0,,0.0,1.0,1.0,0.0,,0.0,5.0,0.0,0.0,0.0,0.0,7.0,0.0,1.0,0.0,0.0,0.0,0.0,0.0,,0.0,0.0,,,,,0.0,6.0,,0.0,,,0.0,,,,,,,,,,,0.0,0.0,0.0,0.0,0.0,0.0,0.0,0.0,0.0,,0.0,0.0,,3.0,,0.0,0.0,,,0.0,0.0,,,0.0,0.0,0.0,0.0,0.0
2024-07-06 14:30,0.0,0.0,0.0,0.0,0.0,0.0,0.0,,,,0.0,0.0,,0.0,0.0,0.0,0.0,5.0,,,0.0,0.0,0.0,,,,,0.0,,0.0,,0.0,,0.0,0.0,,0.0,0.0,0.0,,0.0,0.0,0.0,0.0,0.0,0.0,0.0,0.0,0.0,,0.0,0.0,6.0,,0.0,0.0,0.0,0.0,0.0,0.0,1.0,,0.0,0.0,0.0,,0.0,0.0,0.0,0.0,0.0,,0.0,0.0,0.0,0.0,0.0,0.0,0.0,,0.0,,0.0,0.0,0.0,0.0,0.0,,,0.0,0.0,0.0,,,0.0,,0.0,,0.0,,0.0,0.0,0.0,0.0,0.0,1.0,0.0,0.0,0.0,0.0,,0.0,0.0,,0.0,,1.0,0.0,0.0,,0.0,0.0,0.0,0.0,0.0,0.0,0.0,,
2024-07-06 15:10,,,,0.0,,0.0,0.0,0.0,0.0,0.0,,0.0,,,,,0.0,,0.0,,4.0,0.0,,,0.0,0.0,,9.0,,,0.0,1.0,0.0,0.0,,0.0,0.0,,0.0,0.0,,0.0,0.0,,0.0,0.0,0.0,0.0,,1.0,,0.0,0.0,,6.0,0.0,0.0,0.0,0.0,,,0.0,0.0,,,0.0,0.0,,0.0,0.0,0.0,0.0,0.0,0.0,0.0,0.0,0.0,0.0,0.0,,0.0,0.0,0.0,,,0.0,0.0,4.0,0.0,,0.0,,0.0,,,0.0,0.0,2.0,,,0.0,,,0.0,,,,0.0,0.0,,0.0,,,0.0,0.0,,,0.0,0.0,,0.0,,0.0,,,0.0,0.0,0.0,
2024-07-06 16:00,,5.0,0.0,0.0,0.0,0.0,0.0,0.0,0.0,0.0,,,0.0,,1.0,1.0,,1.0,,,0.0,0.0,0.0,0.0,0.0,,,10.0,,,0.0,0.0,,10.0,,0.0,,,0.0,3.0,0.0,0.0,3.0,,0.0,,0.0,0.0,,8.0,0.0,0.0,0.0,0.0,2.0,,,1.0,0.0,0.0,,0.0,,0.0,0.0,,,,,,,0.0,5.0,0.0,,1.0,,0.0,,1.0,,,,5.0,0.0,0.0,,,5.0,,,2.0,,,3.0,0.0,3.0,7.0,,,0.0,,,0.0,0.0,0.0,0.0,0.0,0.0,5.0,,0.0,0.0,,,,,,,,0.0,,0.0,,0.0,0.0,,0.0,0.0
2024-07-06 17:20,0.0,,0.0,10.0,,,0.0,0.0,,,0.0,0.0,0.0,0.0,,,,0.0,,0.0,0.0,0.0,,0.0,0.0,0.0,,0.0,,0.0,0.0,0.0,,0.0,,,1.0,0.0,,,0.0,0.0,,,0.0,0.0,0.0,0.0,,0.0,0.0,,0.0,,0.0,0.0,,0.0,0.0,,0.0,,,0.0,,,0.0,0.0,,,,,0.0,,0.0,0.0,,0.0,0.0,0.0,,0.0,0.0,,,,0.0,0.0,,0.0,0.0,0.0,0.0,,,,0.0,,0.0,0.0,0.0,0.0,,0.0,0.0,,0.0,,,,0.0,0.0,0.0,0.0,0.0,0.0,0.0,0.0,1.0,,0.0,,6.0,,,0.0,,,0.0
2024-07-06 18:20,0.0,0.0,0.0,0.0,0.0,0.0,0.0,0.0,0.0,0.0,0.0,0.0,0.0,0.0,0.0,0.0,0.0,0.0,0.0,0.0,0.0,0.0,3.0,0.0,0.0,0.0,0.0,0.0,0.0,0.0,0.0,0.0,7.0,0.0,0.0,0.0,0.0,0.0,0.0,0.0,0.0,0.0,0.0,0.0,0.0,0.0,0.0,0.0,0.0,0.0,0.0,0.0,0.0,0.0,0.0,0.0,0.0,0.0,0.0,0.0,0.0,0.0,0.0,0.0,0.0,0.0,0.0,0.0,0.0,7.0,0.0,0.0,0.0,0.0,0.0,0.0,0.0,8.0,2.0,0.0,0.0,0.0,0.0,0.0,0.0,0.0,0.0,0.0,0.0,0.0,0.0,0.0,0.0,,0.0,0.0,0.0,0.0,0.0,0.0,0.0,0.0,0.0,0.0,0.0,0.0,0.0,0.0,0.0,0.0,0.0,0.0,0.0,0.0,0.0,0.0,5.0,0.0,0.0,0.0,2.0,0.0,0.0,0.0,0.0,0.0,0.0,0.0,0.0
2024-07-06 19:10,0.0,0.0,0.0,0.0,0.0,0.0,0.0,0.0,0.0,0.0,0.0,0.0,0.0,0.0,0.0,0.0,0.0,0.0,0.0,0.0,0.0,0.0,0.0,0.0,0.0,0.0,0.0,0.0,0.0,0.0,0.0,0.0,0.0,0.0,0.0,0.0,0.0,0.0,0.0,0.0,0.0,0.0,0.0,0.0,0.0,0.0,0.0,0.0,0.0,0.0,0.0,0.0,0.0,0.0,0.0,0.0,0.0,0.0,0.0,0.0,0.0,0.0,0.0,0.0,0.0,0.0,0.0,0.0,0.0,0.0,0.0,0.0,0.0,0.0,0.0,0.0,0.0,0.0,0.0,0.0,0.0,0.0,0.0,0.0,0.0,0.0,0.0,0.0,0.0,0.0,0.0,0.0,0.0,,0.0,0.0,0.0,0.0,0.0,0.0,0.0,0.0,0.0,0.0,0.0,0.0,0.0,0.0,0.0,0.0,0.0,0.0,0.0,0.0,0.0,0.0,0.0,0.0,0.0,0.0,0.0,0.0,0.0,5.0,0.0,0.0,0.0,0.0,0.0
2024-07-06 20:20,0.0,0.0,0.0,0.0,0.0,0.0,0.0,0.0,0.0,0.0,0.0,0.0,0.0,0.0,0.0,0.0,0.0,0.0,0.0,0.0,0.0,0.0,0.0,0.0,0.0,0.0,0.0,0.0,0.0,0.0,0.0,0.0,0.0,0.0,0.0,0.0,0.0,0.0,0.0,0.0,0.0,0.0,0.0,0.0,0.0,0.0,0.0,0.0,0.0,0.0,0.0,0.0,0.0,0.0,0.0,0.0,0.0,0.0,0.0,0.0,0.0,0.0,0.0,0.0,0.0,0.0,0.0,0.0,0.0,0.0,0.0,0.0,0.0,0.0,0.0,0.0,0.0,0.0,0.0,0.0,0.0,0.0,0.0,0.0,0.0,0.0,0.0,0.0,0.0,0.0,0.0,0.0,0.0,,0.0,0.0,0.0,0.0,0.0,0.0,0.0,0.0,0.0,0.0,0.0,0.0,0.0,0.0,0.0,0.0,0.0,0.0,0.0,0.0,0.0,0.0,0.0,0.0,0.0,0.0,0.0,0.0,0.0,0.0,0.0,0.0,0.0,0.0,0.0
2024-07-07 08:20,0.0,0.0,0.0,0.0,0.0,0.0,0.0,0.0,1.0,0.0,0.0,0.0,0.0,0.0,0.0,0.0,0.0,0.0,0.0,0.0,0.0,0.0,0.0,0.0,0.0,0.0,0.0,0.0,0.0,0.0,0.0,0.0,0.0,0.0,0.0,0.0,0.0,0.0,0.0,0.0,0.0,0.0,0.0,0.0,0.0,0.0,0.0,0.0,0.0,0.0,0.0,0.0,0.0,0.0,0.0,0.0,0.0,0.0,0.0,0.0,0.0,0.0,0.0,0.0,0.0,0.0,0.0,0.0,0.0,0.0,0.0,0.0,0.0,0.0,0.0,0.0,0.0,0.0,0.0,0.0,0.0,0.0,0.0,0.0,0.0,0.0,0.0,0.0,0.0,0.0,0.0,0.0,0.0,,0.0,0.0,0.0,0.0,0.0,0.0,0.0,0.0,0.0,0.0,0.0,0.0,0.0,0.0,0.0,0.0,0.0,0.0,0.0,0.0,0.0,0.0,0.0,0.0,0.0,0.0,0.0,0.0,0.0,0.0,0.0,0.0,0.0,0.0,0.0
2024-07-07 09:00,0.0,0.0,,,0.0,0.0,,0.0,0.0,,0.0,,0.0,0.0,,,,0.0,0.0,,,0.0,0.0,0.0,0.0,,0.0,,0.0,,,0.0,0.0,0.0,0.0,,,,0.0,0.0,,0.0,0.0,0.0,0.0,,,0.0,0.0,,,,0.0,,0.0,,0.0,,0.0,0.0,,0.0,,,0.0,0.0,0.0,0.0,0.0,0.0,0.0,0.0,0.0,0.0,0.0,0.0,,,,,0.0,,,0.0,,,,0.0,,0.0,,0.0,,,0.0,,,,,,,0.0,,,,,,0.0,0.0,0.0,,0.0,,0.0,0.0,,0.0,,,0.0,,,0.0,,0.0,,0.0,,0.0
2024-07-07 10:20,0.0,0.0,0.0,0.0,0.0,0.0,0.0,0.0,0.0,0.0,0.0,0.0,0.0,0.0,0.0,0.0,0.0,0.0,0.0,0.0,0.0,0.0,,0.0,0.0,0.0,0.0,0.0,0.0,0.0,0.0,0.0,0.0,0.0,0.0,0.0,0.0,0.0,0.0,0.0,0.0,0.0,0.0,1.0,0.0,0.0,0.0,0.0,0.0,0.0,0.0,0.0,0.0,0.0,0.0,0.0,0.0,0.0,0.0,0.0,0.0,0.0,8.0,0.0,0.0,0.0,0.0,0.0,0.0,0.0,0.0,0.0,0.0,0.0,0.0,0.0,0.0,0.0,0.0,0.0,0.0,0.0,0.0,0.0,0.0,0.0,0.0,7.0,0.0,0.0,0.0,0.0,0.0,,0.0,0.0,0.0,0.0,0.0,0.0,0.0,0.0,0.0,0.0,0.0,0.0,0.0,0.0,0.0,0.0,0.0,0.0,0.0,0.0,0.0,0.0,0.0,9.0,0.0,0.0,0.0,0.0,0.0,0.0,0.0,0.0,0.0,0.0,0.0
2024-07-07 11:20,0.0,0.0,0.0,0.0,0.0,0.0,0.0,0.0,0.0,0.0,0.0,0.0,0.0,0.0,0.0,3.0,0.0,0.0,0.0,0.0,0.0,0.0,6.0,0.0,0.0,0.0,0.0,3.0,0.0,0.0,1.0,0.0,0.0,0.0,0.0,0.0,0.0,0.0,0.0,0.0,0.0,1.0,4.0,6.0,0.0,0.0,0.0,0.0,0.0,4.0,0.0,0.0,0.0,0.0,0.0,0.0,0.0,0.0,0.0,0.0,0.0,10.0,0.0,1.0,0.0,0.0,0.0,0.0,0.0,0.0,0.0,0.0,0.0,0.0,0.0,3.0,0.0,0.0,0.0,0.0,0.0,0.0,0.0,0.0,0.0,0.0,7.0,0.0,7.0,0.0,0.0,0.0,0.0,,0.0,0.0,0.0,0.0,0.0,0.0,0.0,0.0,0.0,0.0,0.0,0.0,0.0,0.0,0.0,4.0,0.0,0.0,0.0,0.0,0.0,8.0,0.0,0.0,0.0,1.0,0.0,0.0,8.0,0.0,0.0,0.0,0.0,0.0,0.0
2024-07-07 12:20,0.0,8.0,0.0,10.0,0.0,0.0,0.0,0.0,0.0,0.0,0.0,0.0,0.0,0.0,0.0,0.0,0.0,0.0,0.0,0.0,0.0,0.0,3.0,0.0,0.0,0.0,0.0,3.0,2.0,0.0,0.0,0.0,0.0,0.0,0.0,1.0,0.0,0.0,1.0,0.0,0.0,0.0,0.0,1.0,0.0,0.0,0.0,0.0,0.0,6.0,0.0,0.0,0.0,0.0,0.0,0.0,0.0,0.0,0.0,0.0,0.0,0.0,6.0,2.0,0.0,0.0,0.0,0.0,3.0,0.0,0.0,0.0,0.0,3.0,0.0,10.0,0.0,0.0,0.0,2.0,0.0,0.0,5.0,10.0,0.0,0.0,9.0,0.0,0.0,0.0,0.0,0.0,0.0,,0.0,0.0,0.0,0.0,1.0,0.0,0.0,0.0,0.0,0.0,0.0,0.0,0.0,0.0,0.0,0.0,0.0,0.0,0.0,0.0,0.0,0.0,0.0,0.0,2.0,10.0,0.0,0.0,0.0,1.0,0.0,0.0,0.0,0.0,0.0
2024-07-07 13:10,0.0,0.0,8.0,4.0,1.0,0.0,0.0,0.0,2.0,0.0,0.0,0.0,0.0,0.0,0.0,8.0,0.0,0.0,0.0,0.0,0.0,0.0,6.0,0.0,0.0,0.0,0.0,4.0,0.0,0.0,0.0,0.0,0.0,0.0,0.0,10.0,0.0,0.0,0.0,7.0,0.0,0.0,0.0,5.0,0.0,0.0,0.0,0.0,0.0,7.0,0.0,0.0,0.0,0.0,0.0,0.0,0.0,0.0,0.0,0.0,0.0,3.0,10.0,1.0,0.0,0.0,0.0,0.0,1.0,0.0,0.0,0.0,0.0,7.0,0.0,5.0,0.0,0.0,0.0,10.0,0.0,0.0,0.0,0.0,0.0,0.0,10.0,0.0,0.0,0.0,0.0,0.0,0.0,,0.0,0.0,0.0,0.0,0.0,0.0,0.0,0.0,0.0,0.0,0.0,0.0,0.0,1.0,0.0,10.0,0.0,0.0,2.0,0.0,0.0,0.0,1.0,6.0,0.0,7.0,0.0,0.0,0.0,4.0,0.0,0.0,0.0,0.0,0.0
2024-07-07 14:30,0.0,0.0,7.0,1.0,0.0,0.0,1.0,0.0,0.0,1.0,0.0,2.0,10.0,0.0,2.0,0.0,0.0,0.0,0.0,0.0,0.0,0.0,9.0,1.0,0.0,0.0,0.0,10.0,0.0,0.0,0.0,8.0,0.0,0.0,0.0,10.0,0.0,0.0,3.0,0.0,1.0,0.0,0.0,3.0,10.0,1.0,0.0,2.0,4.0,10.0,0.0,0.0,8.0,0.0,0.0,0.0,0.0,4.0,0.0,0.0,2.0,9.0,10.0,0.0,0.0,0.0,0.0,3.0,10.0,3.0,0.0,0.0,0.0,9.0,1.0,10.0,0.0,0.0,0.0,5.0,3.0,0.0,0.0,0.0,5.0,0.0,2.0,0.0,0.0,0.0,0.0,1.0,0.0,,0.0,1.0,0.0,0.0,0.0,0.0,0.0,0.0,0.0,0.0,9.0,0.0,0.0,1.0,2.0,9.0,6.0,0.0,5.0,0.0,9.0,0.0,1.0,4.0,0.0,8.0,0.0,0.0,0.0,2.0,0.0,4.0,0.0,0.0,0.0
2024-07-07 15:10,1.0,0.0,0.0,10.0,0.0,2.0,4.0,0.0,2.0,1.0,0.0,0.0,4.0,10.0,0.0,0.0,0.0,0.0,0.0,0.0,0.0,9.0,10.0,0.0,0.0,0.0,2.0,10.0,8.0,0.0,0.0,10.0,0.0,0.0,0.0,10.0,0.0,1.0,10.0,0.0,0.0,0.0,0.0,1.0,7.0,1.0,0.0,2.0,1.0,10.0,0.0,9.0,6.0,0.0,5.0,0.0,0.0,0.0,0.0,0.0,0.0,0.0,10.0,0.0,0.0,2.0,0.0,0.0,9.0,0.0,0.0,0.0,0.0,0.0,0.0,5.0,0.0,3.0,3.0,0.0,0.0,0.0,0.0,0.0,5.0,0.0,0.0,6.0,0.0,0.0,0.0,0.0,0.0,,0.0,0.0,0.0,0.0,6.0,2.0,2.0,0.0,0.0,0.0,7.0,0.0,9.0,10.0,0.0,10.0,0.0,0.0,3.0,0.0,0.0,0.0,0.0,5.0,1.0,2.0,7.0,0.0,0.0,10.0,0.0,0.0,0.0,0.0,0.0
2024-07-07 16:10,0.0,0.0,1.0,0.0,1.0,0.0,0.0,0.0,2.0,10.0,1.0,6.0,0.0,0.0,2.0,0.0,6.0,0.0,0.0,0.0,0.0,0.0,8.0,0.0,0.0,0.0,0.0,9.0,8.0,7.0,0.0,8.0,0.0,10.0,1.0,10.0,2.0,0.0,10.0,0.0,0.0,0.0,0.0,1.0,0.0,0.0,0.0,6.0,0.0,9.0,2.0,6.0,0.0,1.0,1.0,0.0,0.0,10.0,0.0,0.0,0.0,0.0,10.0,10.0,0.0,1.0,0.0,0.0,,4.0,0.0,0.0,0.0,0.0,7.0,6.0,7.0,1.0,3.0,10.0,0.0,0.0,1.0,0.0,0.0,0.0,1.0,0.0,0.0,1.0,0.0,0.0,0.0,,6.0,0.0,0.0,1.0,0.0,0.0,0.0,0.0,2.0,0.0,0.0,1.0,0.0,3.0,0.0,5.0,3.0,0.0,7.0,0.0,0.0,10.0,0.0,9.0,0.0,2.0,4.0,0.0,0.0,10.0,0.0,3.0,0.0,1.0,0.0
2024-07-07 17:10,0.0,0.0,0.0,0.0,0.0,10.0,0.0,0.0,8.0,0.0,0.0,0.0,1.0,0.0,7.0,0.0,0.0,3.0,0.0,0.0,0.0,2.0,,,0.0,0.0,0.0,2.0,10.0,,0.0,10.0,0.0,0.0,,,6.0,4.0,1.0,0.0,3.0,1.0,0.0,3.0,0.0,9.0,0.0,2.0,0.0,4.0,,10.0,,1.0,,,3.0,,0.0,,,0.0,,,0.0,7.0,0.0,0.0,1.0,5.0,9.0,,0.0,0.0,0.0,8.0,0.0,,10.0,1.0,0.0,0.0,3.0,0.0,0.0,0.0,0.0,7.0,0.0,0.0,1.0,,4.0,,1.0,,,,,0.0,0.0,3.0,0.0,,6.0,,,,6.0,2.0,0.0,0.0,10.0,0.0,0.0,3.0,0.0,7.0,0.0,3.0,1.0,,,,0.0,0.0,,,0.0
2024-07-07 18:10,0.0,0.0,0.0,0.0,0.0,8.0,0.0,1.0,0.0,9.0,10.0,5.0,5.0,3.0,1.0,0.0,0.0,0.0,0.0,0.0,0.0,5.0,6.0,0.0,1.0,0.0,0.0,6.0,0.0,0.0,0.0,10.0,0.0,4.0,6.0,10.0,10.0,0.0,2.0,0.0,7.0,1.0,0.0,0.0,7.0,10.0,0.0,1.0,0.0,0.0,10.0,10.0,7.0,3.0,1.0,0.0,2.0,10.0,0.0,3.0,5.0,0.0,10.0,9.0,0.0,9.0,0.0,0.0,0.0,0.0,0.0,4.0,10.0,0.0,3.0,0.0,0.0,0.0,3.0,0.0,0.0,0.0,0.0,0.0,5.0,0.0,0.0,7.0,0.0,10.0,0.0,10.0,1.0,,2.0,1.0,0.0,0.0,0.0,0.0,0.0,0.0,0.0,9.0,0.0,3.0,0.0,2.0,1.0,10.0,0.0,0.0,10.0,0.0,0.0,4.0,0.0,0.0,0.0,0.0,10.0,2.0,0.0,10.0,0.0,0.0,8.0,0.0,0.0
2024-07-07 19:20,0.0,0.0,0.0,0.0,0.0,0.0,0.0,0.0,6.0,9.0,1.0,10.0,0.0,0.0,6.0,0.0,10.0,0.0,0.0,0.0,0.0,0.0,2.0,0.0,0.0,0.0,0.0,0.0,0.0,2.0,0.0,10.0,0.0,10.0,0.0,0.0,10.0,0.0,0.0,0.0,0.0,5.0,0.0,0.0,0.0,0.0,2.0,0.0,0.0,0.0,10.0,0.0,7.0,0.0,4.0,0.0,0.0,8.0,0.0,0.0,0.0,0.0,3.0,10.0,0.0,0.0,0.0,4.0,0.0,0.0,2.0,0.0,10.0,0.0,10.0,0.0,1.0,0.0,0.0,0.0,0.0,0.0,0.0,0.0,4.0,0.0,0.0,0.0,0.0,10.0,0.0,7.0,2.0,,10.0,2.0,0.0,0.0,0.0,0.0,4.0,0.0,0.0,10.0,0.0,0.0,0.0,0.0,0.0,6.0,0.0,0.0,0.0,0.0,1.0,0.0,0.0,0.0,0.0,0.0,0.0,10.0,0.0,0.0,0.0,0.0,3.0,0.0,5.0
2024-07-07 20:20,0.0,0.0,0.0,0.0,0.0,0.0,0.0,10.0,2.0,0.0,10.0,2.0,0.0,0.0,0.0,0.0,9.0,0.0,0.0,3.0,9.0,0.0,0.0,0.0,0.0,0.0,0.0,0.0,8.0,7.0,0.0,0.0,0.0,5.0,0.0,0.0,10.0,0.0,0.0,0.0,0.0,1.0,0.0,0.0,0.0,0.0,0.0,0.0,0.0,0.0,0.0,0.0,0.0,0.0,10.0,0.0,0.0,0.0,0.0,0.0,0.0,0.0,0.0,0.0,0.0,0.0,0.0,0.0,,0.0,0.0,0.0,3.0,0.0,9.0,0.0,0.0,0.0,0.0,0.0,0.0,0.0,0.0,0.0,0.0,0.0,0.0,0.0,0.0,10.0,3.0,0.0,0.0,,1.0,0.0,0.0,0.0,0.0,0.0,0.0,2.0,0.0,6.0,0.0,0.0,0.0,3.0,0.0,0.0,0.0,0.0,0.0,0.0,0.0,0.0,0.0,0.0,0.0,0.0,0.0,7.0,0.0,0.0,0.0,0.0,0.0,0.0,0.0
2024-07-08 08:20,10.0,10.0,10.0,10.0,10.0,0.0,5.0,10.0,10.0,0.0,10.0,10.0,0.0,0.0,5.0,10.0,10.0,0.0,0.0,4.0,0.0,0.0,10.0,0.0,0.0,10.0,10.0,10.0,10.0,10.0,10.0,10.0,10.0,10.0,0.0,0.0,10.0,4.0,3.0,10.0,10.0,10.0,10.0,10.0,1.0,7.0,7.0,8.0,0.0,0.0,10.0,10.0,10.0,0.0,0.0,10.0,0.0,9.0,0.0,0.0,0.0,0.0,10.0,10.0,10.0,0.0,10.0,10.0,0.0,3.0,10.0,0.0,0.0,10.0,10.0,10.0,10.0,0.0,0.0,0.0,0.0,10.0,0.0,0.0,10.0,10.0,10.0,10.0,9.0,10.0,10.0,10.0,0.0,,10.0,0.0,10.0,10.0,10.0,0.0,0.0,10.0,0.0,10.0,10.0,0.0,9.0,10.0,3.0,10.0,0.0,0.0,10.0,9.0,10.0,10.0,0.0,0.0,10.0,10.0,0.0,3.0,10.0,10.0,0.0,10.0,0.0,0.0,0.0
2024-07-08 09:10,10.0,10.0,,,,,,,,0.0,,10.0,,,,,,,,,10.0,,10.0,,0.0,,,,10.0,,,10.0,,,0.0,0.0,10.0,,,,,,10.0,10.0,2.0,,8.0,,1.0,,10.0,10.0,,0.0,,10.0,,,2.0,0.0,0.0,,10.0,10.0,,,,10.0,6.0,10.0,10.0,0.0,10.0,,,,,10.0,,,0.0,,,10.0,,,10.0,10.0,8.0,10.0,10.0,10.0,,,10.0,0.0,10.0,10.0,10.0,2.0,0.0,10.0,0.0,,10.0,,10.0,10.0,4.0,10.0,,,,2.0,9.0,10.0,,10.0,,,0.0,,10.0,9.0,,10.0,0.0,,
2024-07-08 10:20,10.0,10.0,10.0,10.0,10.0,8.0,9.0,0.0,10.0,1.0,10.0,10.0,8.0,10.0,7.0,10.0,10.0,0.0,6.0,10.0,10.0,2.0,10.0,4.0,4.0,10.0,10.0,10.0,10.0,7.0,10.0,10.0,10.0,10.0,0.0,10.0,10.0,10.0,10.0,10.0,10.0,10.0,10.0,10.0,10.0,4.0,10.0,10.0,0.0,10.0,10.0,10.0,10.0,0.0,9.0,10.0,6.0,10.0,10.0,0.0,0.0,10.0,10.0,10.0,1.0,10.0,10.0,10.0,10.0,10.0,10.0,0.0,10.0,10.0,10.0,10.0,10.0,10.0,0.0,10.0,10.0,10.0,2.0,8.0,10.0,10.0,10.0,10.0,10.0,10.0,10.0,10.0,0.0,,10.0,0.0,3.0,10.0,10.0,1.0,0.0,10.0,0.0,10.0,10.0,0.0,10.0,10.0,5.0,10.0,8.0,0.0,10.0,2.0,10.0,10.0,10.0,10.0,10.0,10.0,10.0,10.0,10.0,10.0,3.0,10.0,0.0,10.0,0.0
2024-07-08 11:20,10.0,10.0,10.0,10.0,10.0,10.0,7.0,10.0,10.0,4.0,10.0,10.0,10.0,10.0,10.0,10.0,10.0,0.0,1.0,10.0,10.0,0.0,10.0,7.0,1.0,10.0,10.0,10.0,10.0,8.0,10.0,10.0,10.0,10.0,10.0,10.0,10.0,10.0,10.0,10.0,10.0,7.0,10.0,10.0,10.0,7.0,10.0,10.0,0.0,10.0,10.0,10.0,10.0,0.0,10.0,10.0,6.0,10.0,1.0,6.0,0.0,10.0,10.0,10.0,10.0,6.0,10.0,10.0,10.0,10.0,10.0,0.0,10.0,10.0,10.0,10.0,10.0,10.0,10.0,10.0,10.0,10.0,3.0,3.0,10.0,10.0,10.0,10.0,6.0,10.0,10.0,10.0,2.0,,10.0,0.0,10.0,8.0,10.0,1.0,1.0,10.0,4.0,9.0,10.0,0.0,7.0,10.0,10.0,10.0,1.0,0.0,10.0,1.0,10.0,10.0,10.0,10.0,10.0,10.0,10.0,10.0,10.0,10.0,5.0,10.0,6.0,10.0,0.0
2024-07-08 12:20,10.0,10.0,10.0,10.0,10.0,5.0,10.0,10.0,10.0,10.0,10.0,10.0,0.0,10.0,10.0,10.0,10.0,10.0,10.0,7.0,10.0,0.0,10.0,9.0,10.0,10.0,10.0,10.0,10.0,10.0,10.0,10.0,10.0,10.0,9.0,10.0,10.0,10.0,10.0,10.0,10.0,10.0,10.0,10.0,10.0,10.0,10.0,10.0,10.0,10.0,10.0,10.0,10.0,0.0,10.0,10.0,1.0,10.0,1.0,10.0,10.0,10.0,10.0,10.0,10.0,10.0,10.0,10.0,10.0,10.0,10.0,2.0,8.0,10.0,10.0,10.0,10.0,10.0,10.0,10.0,10.0,10.0,7.0,6.0,10.0,10.0,10.0,6.0,2.0,10.0,10.0,10.0,8.0,,10.0,3.0,1.0,10.0,10.0,10.0,8.0,9.0,0.0,10.0,10.0,6.0,4.0,10.0,10.0,10.0,4.0,10.0,10.0,9.0,10.0,10.0,10.0,10.0,10.0,10.0,10.0,10.0,10.0,10.0,10.0,10.0,5.0,10.0,0.0
2024-07-08 13:10,10.0,10.0,10.0,10.0,10.0,7.0,10.0,10.0,10.0,7.0,10.0,10.0,0.0,10.0,10.0,10.0,10.0,1.0,0.0,9.0,10.0,6.0,10.0,10.0,10.0,10.0,10.0,10.0,10.0,10.0,10.0,10.0,10.0,10.0,10.0,10.0,10.0,10.0,10.0,10.0,10.0,10.0,10.0,10.0,10.0,10.0,10.0,0.0,10.0,10.0,10.0,10.0,10.0,5.0,10.0,10.0,10.0,10.0,0.0,10.0,10.0,9.0,10.0,9.0,10.0,10.0,10.0,10.0,10.0,10.0,10.0,8.0,10.0,10.0,10.0,10.0,10.0,10.0,10.0,10.0,10.0,10.0,6.0,0.0,10.0,10.0,10.0,10.0,9.0,10.0,10.0,10.0,5.0,,10.0,10.0,5.0,10.0,3.0,5.0,8.0,8.0,8.0,10.0,10.0,10.0,1.0,10.0,10.0,10.0,6.0,7.0,10.0,10.0,10.0,10.0,10.0,10.0,10.0,9.0,10.0,10.0,10.0,10.0,9.0,10.0,10.0,10.0,1.0
2024-07-08 14:30,10.0,10.0,10.0,10.0,10.0,10.0,10.0,10.0,10.0,0.0,10.0,10.0,10.0,10.0,10.0,10.0,10.0,3.0,1.0,10.0,10.0,1.0,10.0,4.0,10.0,10.0,10.0,10.0,10.0,10.0,10.0,10.0,10.0,10.0,2.0,10.0,10.0,9.0,10.0,10.0,10.0,7.0,10.0,10.0,8.0,10.0,9.0,0.0,8.0,10.0,10.0,10.0,10.0,10.0,10.0,10.0,10.0,10.0,0.0,10.0,10.0,9.0,10.0,10.0,10.0,9.0,10.0,10.0,10.0,10.0,10.0,6.0,10.0,10.0,10.0,10.0,10.0,10.0,10.0,10.0,7.0,2.0,0.0,7.0,10.0,6.0,10.0,10.0,10.0,10.0,10.0,10.0,4.0,,10.0,10.0,1.0,10.0,0.0,8.0,10.0,10.0,0.0,10.0,10.0,10.0,1.0,10.0,5.0,10.0,10.0,8.0,10.0,10.0,8.0,10.0,10.0,10.0,10.0,10.0,10.0,10.0,10.0,10.0,10.0,10.0,10.0,4.0,0.0
2024-07-08 15:20,10.0,10.0,10.0,10.0,10.0,10.0,8.0,10.0,10.0,10.0,10.0,10.0,10.0,10.0,10.0,10.0,10.0,9.0,3.0,10.0,10.0,1.0,10.0,1.0,10.0,10.0,10.0,10.0,10.0,10.0,10.0,10.0,10.0,10.0,4.0,10.0,10.0,9.0,10.0,10.0,10.0,9.0,10.0,10.0,9.0,10.0,10.0,10.0,10.0,10.0,10.0,10.0,10.0,10.0,10.0,10.0,8.0,10.0,3.0,10.0,10.0,10.0,10.0,10.0,10.0,5.0,10.0,10.0,10.0,10.0,10.0,6.0,10.0,10.0,10.0,10.0,10.0,10.0,10.0,10.0,9.0,5.0,6.0,3.0,10.0,6.0,10.0,10.0,9.0,10.0,10.0,10.0,0.0,,10.0,10.0,6.0,10.0,10.0,3.0,10.0,3.0,4.0,10.0,10.0,10.0,9.0,9.0,10.0,10.0,7.0,10.0,10.0,10.0,10.0,10.0,10.0,10.0,10.0,10.0,8.0,10.0,10.0,10.0,7.0,10.0,10.0,5.0,0.0
2024-07-08 16:20,10.0,3.0,10.0,10.0,10.0,10.0,10.0,10.0,10.0,10.0,10.0,10.0,9.0,10.0,10.0,10.0,10.0,7.0,1.0,10.0,10.0,9.0,10.0,0.0,10.0,10.0,10.0,10.0,10.0,10.0,10.0,10.0,10.0,10.0,3.0,10.0,9.0,6.0,10.0,10.0,5.0,9.0,10.0,10.0,10.0,4.0,10.0,10.0,7.0,6.0,10.0,10.0,10.0,10.0,10.0,10.0,6.0,10.0,9.0,10.0,9.0,10.0,10.0,10.0,10.0,9.0,10.0,10.0,10.0,10.0,10.0,5.0,10.0,10.0,10.0,10.0,10.0,10.0,10.0,10.0,0.0,0.0,7.0,4.0,10.0,10.0,10.0,6.0,10.0,10.0,10.0,10.0,0.0,,10.0,10.0,9.0,10.0,6.0,0.0,10.0,10.0,10.0,10.0,10.0,7.0,0.0,8.0,10.0,10.0,9.0,7.0,10.0,10.0,9.0,10.0,10.0,10.0,10.0,10.0,1.0,10.0,10.0,10.0,1.0,10.0,10.0,1.0,3.0
2024-07-08 17:20,10.0,10.0,10.0,10.0,10.0,10.0,8.0,10.0,10.0,10.0,10.0,10.0,10.0,10.0,10.0,10.0,10.0,9.0,0.0,10.0,10.0,2.0,10.0,3.0,6.0,10.0,1.0,10.0,10.0,10.0,5.0,10.0,10.0,10.0,10.0,10.0,10.0,10.0,10.0,10.0,9.0,10.0,1.0,10.0,10.0,3.0,10.0,10.0,10.0,7.0,10.0,10.0,10.0,10.0,10.0,10.0,1.0,10.0,8.0,10.0,7.0,0.0,10.0,10.0,10.0,10.0,0.0,10.0,10.0,10.0,10.0,9.0,10.0,10.0,10.0,10.0,10.0,10.0,10.0,10.0,9.0,10.0,10.0,9.0,10.0,10.0,10.0,8.0,10.0,10.0,10.0,10.0,0.0,,10.0,2.0,0.0,10.0,0.0,1.0,0.0,10.0,5.0,10.0,10.0,10.0,9.0,8.0,10.0,10.0,1.0,10.0,10.0,10.0,10.0,10.0,10.0,10.0,10.0,10.0,10.0,10.0,5.0,10.0,2.0,10.0,10.0,3.0,9.0
2024-07-08 18:20,10.0,0.0,10.0,3.0,10.0,10.0,0.0,10.0,10.0,10.0,10.0,8.0,5.0,10.0,10.0,10.0,10.0,10.0,0.0,10.0,10.0,10.0,4.0,0.0,10.0,10.0,1.0,6.0,9.0,10.0,0.0,10.0,10.0,10.0,10.0,10.0,10.0,0.0,10.0,10.0,5.0,10.0,10.0,10.0,9.0,10.0,10.0,10.0,2.0,0.0,10.0,10.0,10.0,10.0,10.0,10.0,10.0,10.0,0.0,10.0,4.0,0.0,10.0,10.0,10.0,8.0,0.0,10.0,6.0,10.0,10.0,10.0,10.0,10.0,9.0,0.0,10.0,10.0,10.0,10.0,9.0,10.0,1.0,10.0,10.0,10.0,10.0,10.0,10.0,9.0,10.0,10.0,0.0,,10.0,2.0,6.0,10.0,0.0,0.0,10.0,10.0,5.0,10.0,10.0,10.0,0.0,1.0,10.0,10.0,2.0,9.0,10.0,4.0,10.0,10.0,10.0,10.0,10.0,10.0,10.0,10.0,10.0,10.0,0.0,10.0,10.0,4.0,10.0
2024-07-08 19:20,10.0,0.0,10.0,2.0,10.0,0.0,0.0,10.0,10.0,10.0,10.0,10.0,0.0,10.0,10.0,10.0,10.0,10.0,0.0,10.0,10.0,10.0,0.0,9.0,0.0,10.0,0.0,5.0,10.0,10.0,0.0,10.0,0.0,10.0,0.0,10.0,10.0,10.0,10.0,10.0,6.0,10.0,10.0,10.0,8.0,10.0,10.0,6.0,10.0,0.0,10.0,10.0,10.0,10.0,10.0,10.0,7.0,10.0,0.0,0.0,0.0,0.0,10.0,10.0,10.0,0.0,10.0,10.0,2.0,10.0,10.0,9.0,10.0,10.0,10.0,0.0,10.0,10.0,0.0,10.0,0.0,10.0,0.0,8.0,10.0,10.0,10.0,10.0,10.0,10.0,10.0,10.0,9.0,,10.0,0.0,0.0,10.0,0.0,0.0,10.0,10.0,0.0,10.0,10.0,10.0,10.0,0.0,10.0,0.0,0.0,10.0,1.0,4.0,10.0,10.0,0.0,0.0,0.0,10.0,10.0,10.0,8.0,10.0,0.0,10.0,4.0,0.0,7.0
2024-07-08 20:20,10.0,0.0,0.0,0.0,10.0,0.0,0.0,10.0,10.0,0.0,10.0,9.0,0.0,10.0,10.0,0.0,10.0,0.0,0.0,10.0,8.0,4.0,0.0,10.0,0.0,10.0,0.0,8.0,10.0,10.0,0.0,10.0,0.0,10.0,0.0,0.0,10.0,0.0,10.0,2.0,10.0,10.0,10.0,10.0,0.0,0.0,10.0,0.0,7.0,0.0,10.0,10.0,10.0,0.0,10.0,10.0,0.0,10.0,0.0,0.0,0.0,0.0,0.0,10.0,10.0,0.0,10.0,10.0,0.0,6.0,0.0,0.0,10.0,10.0,10.0,0.0,10.0,1.0,0.0,0.0,0.0,10.0,0.0,0.0,10.0,10.0,10.0,10.0,10.0,10.0,10.0,10.0,0.0,,10.0,0.0,1.0,10.0,0.0,0.0,10.0,10.0,0.0,10.0,0.0,0.0,10.0,1.0,0.0,10.0,0.0,0.0,0.0,0.0,9.0,10.0,0.0,0.0,0.0,10.0,0.0,10.0,4.0,0.0,0.0,10.0,0.0,0.0,7.0
2024-07-09 08:30,10.0,10.0,10.0,10.0,10.0,4.0,10.0,10.0,10.0,10.0,10.0,10.0,0.0,10.0,10.0,10.0,10.0,10.0,0.0,10.0,10.0,10.0,10.0,10.0,10.0,10.0,10.0,10.0,10.0,10.0,10.0,10.0,10.0,10.0,0.0,10.0,10.0,10.0,10.0,10.0,10.0,10.0,10.0,10.0,10.0,10.0,10.0,10.0,10.0,0.0,10.0,10.0,10.0,10.0,10.0,10.0,10.0,10.0,10.0,10.0,10.0,10.0,10.0,10.0,10.0,9.0,10.0,10.0,10.0,10.0,10.0,10.0,10.0,10.0,10.0,10.0,10.0,10.0,10.0,10.0,10.0,10.0,10.0,10.0,10.0,10.0,10.0,10.0,10.0,10.0,10.0,10.0,10.0,,10.0,9.0,10.0,10.0,10.0,10.0,10.0,10.0,0.0,10.0,10.0,10.0,10.0,10.0,10.0,10.0,0.0,10.0,10.0,10.0,10.0,10.0,0.0,0.0,10.0,10.0,10.0,10.0,10.0,10.0,10.0,10.0,10.0,0.0,10.0
2024-07-09 09:00,,10.0,10.0,,10.0,,9.0,,,10.0,,,,10.0,10.0,,10.0,10.0,0.0,10.0,,,5.0,,,,,10.0,,10.0,10.0,10.0,,10.0,0.0,,10.0,10.0,,,,10.0,10.0,,,,10.0,10.0,10.0,0.0,10.0,10.0,,10.0,10.0,,,10.0,,,,,,,,10.0,,,,10.0,10.0,10.0,10.0,10.0,,,,,,,10.0,10.0,,10.0,10.0,10.0,,,10.0,10.0,,10.0,,,10.0,9.0,,10.0,,,,,10.0,10.0,10.0,,,,10.0,,0.0,,,10.0,10.0,,10.0,10.0,10.0,10.0,10.0,10.0,10.0,10.0,4.0,10.0,10.0,0.0,10.0
2024-07-09 10:20,10.0,10.0,10.0,10.0,10.0,10.0,3.0,10.0,10.0,10.0,10.0,10.0,10.0,10.0,10.0,10.0,10.0,10.0,10.0,10.0,10.0,10.0,0.0,10.0,10.0,10.0,10.0,10.0,10.0,10.0,10.0,10.0,10.0,10.0,10.0,10.0,10.0,10.0,10.0,10.0,10.0,10.0,10.0,10.0,10.0,10.0,10.0,10.0,10.0,10.0,10.0,10.0,10.0,10.0,10.0,10.0,10.0,10.0,10.0,10.0,10.0,0.0,10.0,10.0,10.0,10.0,10.0,10.0,10.0,10.0,10.0,10.0,10.0,10.0,10.0,10.0,10.0,10.0,10.0,,10.0,10.0,5.0,10.0,10.0,10.0,10.0,10.0,10.0,10.0,10.0,10.0,7.0,,10.0,10.0,10.0,10.0,10.0,10.0,10.0,10.0,9.0,10.0,10.0,9.0,10.0,10.0,10.0,10.0,10.0,10.0,10.0,10.0,10.0,10.0,10.0,10.0,10.0,10.0,10.0,10.0,10.0,10.0,0.0,10.0,10.0,10.0,10.0
2024-07-09 11:10,10.0,,,,10.0,,10.0,10.0,10.0,10.0,,,10.0,10.0,10.0,,10.0,,10.0,10.0,10.0,,6.0,,10.0,,,10.0,10.0,,,,10.0,10.0,10.0,9.0,10.0,4.0,10.0,10.0,10.0,,10.0,6.0,,,10.0,10.0,,10.0,10.0,10.0,10.0,,10.0,,10.0,,,,,0.0,,10.0,,10.0,,10.0,10.0,,10.0,,,10.0,10.0,,10.0,10.0,,,7.0,10.0,0.0,4.0,10.0,10.0,10.0,10.0,,10.0,10.0,10.0,10.0,,,8.0,10.0,10.0,10.0,3.0,10.0,,10.0,10.0,,9.0,,,,,,,10.0,10.0,10.0,10.0,,,10.0,10.0,10.0,,10.0,10.0,,10.0,,10.0,
2024-07-09 12:20,10.0,10.0,10.0,10.0,10.0,10.0,10.0,10.0,10.0,10.0,10.0,10.0,10.0,10.0,10.0,10.0,10.0,9.0,10.0,10.0,10.0,9.0,10.0,9.0,10.0,10.0,10.0,10.0,10.0,10.0,10.0,10.0,10.0,10.0,10.0,10.0,10.0,7.0,10.0,10.0,10.0,10.0,10.0,9.0,10.0,10.0,10.0,10.0,10.0,10.0,10.0,10.0,10.0,9.0,10.0,10.0,10.0,10.0,4.0,10.0,10.0,4.0,10.0,10.0,10.0,10.0,10.0,10.0,10.0,10.0,10.0,10.0,10.0,10.0,10.0,10.0,10.0,10.0,10.0,10.0,8.0,10.0,0.0,2.0,10.0,10.0,0.0,10.0,9.0,10.0,10.0,10.0,4.0,,10.0,10.0,10.0,10.0,10.0,9.0,10.0,10.0,10.0,10.0,10.0,10.0,10.0,10.0,10.0,10.0,10.0,10.0,10.0,10.0,10.0,10.0,10.0,10.0,10.0,10.0,10.0,10.0,10.0,10.0,0.0,10.0,10.0,10.0,4.0
2024-07-09 13:10,10.0,8.0,10.0,10.0,10.0,10.0,10.0,10.0,10.0,10.0,10.0,10.0,10.0,10.0,10.0,10.0,10.0,10.0,10.0,10.0,10.0,9.0,10.0,10.0,10.0,10.0,10.0,10.0,10.0,10.0,10.0,10.0,10.0,10.0,10.0,10.0,10.0,9.0,10.0,10.0,10.0,10.0,10.0,4.0,10.0,10.0,10.0,10.0,10.0,10.0,10.0,10.0,10.0,10.0,10.0,10.0,10.0,10.0,3.0,10.0,10.0,1.0,10.0,10.0,10.0,10.0,10.0,10.0,2.0,10.0,10.0,10.0,10.0,10.0,10.0,10.0,10.0,10.0,10.0,10.0,7.0,10.0,0.0,5.0,10.0,10.0,5.0,10.0,9.0,10.0,10.0,10.0,7.0,,10.0,10.0,9.0,10.0,7.0,4.0,10.0,10.0,10.0,10.0,10.0,10.0,10.0,10.0,10.0,10.0,10.0,8.0,8.0,10.0,10.0,10.0,4.0,10.0,10.0,10.0,10.0,10.0,10.0,10.0,9.0,10.0,10.0,10.0,2.0
2024-07-09 14:30,10.0,10.0,7.0,10.0,10.0,10.0,10.0,10.0,10.0,6.0,10.0,10.0,10.0,10.0,10.0,9.0,10.0,10.0,10.0,10.0,10.0,10.0,10.0,9.0,10.0,10.0,10.0,10.0,10.0,10.0,10.0,10.0,10.0,10.0,10.0,10.0,10.0,6.0,10.0,10.0,10.0,10.0,10.0,10.0,10.0,10.0,10.0,10.0,10.0,10.0,10.0,10.0,10.0,8.0,10.0,10.0,10.0,10.0,0.0,10.0,9.0,10.0,10.0,10.0,10.0,6.0,10.0,10.0,7.0,10.0,10.0,9.0,10.0,10.0,10.0,10.0,10.0,10.0,10.0,10.0,9.0,10.0,1.0,3.0,10.0,10.0,9.0,10.0,8.0,10.0,10.0,10.0,9.0,,10.0,10.0,10.0,10.0,9.0,0.0,10.0,10.0,10.0,10.0,10.0,8.0,10.0,10.0,10.0,8.0,4.0,10.0,1.0,10.0,10.0,10.0,10.0,7.0,10.0,10.0,10.0,10.0,10.0,10.0,9.0,10.0,10.0,10.0,2.0
2024-07-09 15:20,10.0,10.0,5.0,10.0,10.0,10.0,10.0,10.0,10.0,4.0,10.0,10.0,10.0,10.0,10.0,2.0,10.0,10.0,0.0,10.0,10.0,10.0,5.0,6.0,9.0,10.0,2.0,3.0,7.0,10.0,10.0,10.0,10.0,10.0,8.0,10.0,10.0,7.0,10.0,8.0,10.0,10.0,10.0,10.0,10.0,10.0,10.0,10.0,10.0,8.0,10.0,10.0,10.0,10.0,10.0,10.0,3.0,10.0,1.0,6.0,9.0,4.0,10.0,10.0,10.0,9.0,10.0,10.0,10.0,10.0,10.0,8.0,10.0,10.0,10.0,10.0,10.0,10.0,10.0,4.0,10.0,10.0,0.0,9.0,10.0,10.0,7.0,10.0,8.0,10.0,10.0,10.0,10.0,,10.0,10.0,10.0,10.0,10.0,7.0,10.0,10.0,10.0,10.0,10.0,3.0,10.0,10.0,10.0,10.0,2.0,9.0,8.0,10.0,10.0,10.0,10.0,7.0,10.0,10.0,10.0,10.0,10.0,10.0,10.0,10.0,10.0,3.0,0.0
2024-07-09 16:20,10.0,2.0,10.0,10.0,10.0,10.0,10.0,10.0,10.0,10.0,10.0,10.0,10.0,10.0,10.0,10.0,10.0,10.0,10.0,10.0,10.0,10.0,1.0,10.0,3.0,10.0,10.0,2.0,8.0,10.0,10.0,10.0,10.0,10.0,10.0,0.0,10.0,9.0,10.0,6.0,10.0,10.0,10.0,8.0,10.0,10.0,10.0,10.0,10.0,2.0,10.0,10.0,10.0,10.0,10.0,10.0,10.0,10.0,1.0,9.0,10.0,2.0,10.0,10.0,10.0,10.0,8.0,10.0,7.0,10.0,10.0,7.0,10.0,10.0,10.0,10.0,10.0,10.0,10.0,10.0,10.0,10.0,7.0,9.0,10.0,10.0,1.0,10.0,10.0,10.0,10.0,10.0,9.0,,10.0,7.0,0.0,10.0,10.0,5.0,10.0,10.0,10.0,10.0,10.0,7.0,10.0,10.0,10.0,10.0,2.0,0.0,10.0,10.0,10.0,10.0,10.0,9.0,6.0,10.0,10.0,10.0,0.0,,7.0,10.0,10.0,2.0,1.0
2024-07-09 17:10,10.0,8.0,9.0,10.0,10.0,10.0,10.0,10.0,10.0,10.0,10.0,10.0,8.0,10.0,10.0,9.0,10.0,5.0,10.0,10.0,10.0,10.0,7.0,5.0,1.0,10.0,9.0,4.0,10.0,10.0,1.0,5.0,10.0,10.0,10.0,10.0,10.0,8.0,10.0,10.0,10.0,7.0,10.0,10.0,10.0,10.0,7.0,10.0,10.0,8.0,10.0,10.0,10.0,10.0,10.0,10.0,10.0,10.0,5.0,10.0,9.0,10.0,10.0,10.0,10.0,10.0,5.0,10.0,2.0,10.0,10.0,10.0,10.0,10.0,10.0,8.0,10.0,10.0,10.0,10.0,10.0,10.0,2.0,9.0,10.0,10.0,5.0,10.0,10.0,10.0,10.0,10.0,10.0,,10.0,7.0,3.0,10.0,10.0,10.0,10.0,10.0,10.0,10.0,10.0,10.0,9.0,10.0,10.0,10.0,6.0,1.0,10.0,10.0,10.0,10.0,10.0,8.0,10.0,9.0,10.0,10.0,6.0,10.0,0.0,10.0,10.0,9.0,2.0
2024-07-09 18:20,10.0,10.0,7.0,10.0,10.0,10.0,9.0,10.0,10.0,10.0,10.0,10.0,10.0,10.0,9.0,10.0,10.0,5.0,0.0,9.0,7.0,10.0,4.0,10.0,0.0,10.0,0.0,7.0,0.0,10.0,1.0,10.0,10.0,7.0,10.0,2.0,10.0,10.0,10.0,10.0,10.0,8.0,10.0,10.0,10.0,10.0,10.0,10.0,10.0,0.0,10.0,10.0,7.0,10.0,10.0,10.0,0.0,1.0,4.0,10.0,1.0,5.0,5.0,10.0,10.0,10.0,0.0,10.0,10.0,10.0,9.0,10.0,10.0,10.0,10.0,0.0,10.0,10.0,10.0,9.0,6.0,10.0,10.0,10.0,10.0,10.0,2.0,10.0,10.0,10.0,10.0,8.0,10.0,,10.0,5.0,10.0,9.0,10.0,8.0,10.0,10.0,10.0,10.0,10.0,10.0,0.0,6.0,10.0,5.0,0.0,7.0,10.0,10.0,10.0,10.0,10.0,10.0,10.0,10.0,10.0,10.0,10.0,10.0,0.0,10.0,10.0,10.0,2.0
2024-07-09 19:20,10.0,0.0,10.0,3.0,10.0,0.0,0.0,8.0,10.0,10.0,10.0,10.0,0.0,10.0,7.0,10.0,10.0,10.0,0.0,10.0,10.0,10.0,4.0,10.0,0.0,10.0,10.0,1.0,4.0,4.0,0.0,3.0,10.0,10.0,0.0,0.0,10.0,10.0,10.0,6.0,0.0,0.0,2.0,7.0,8.0,10.0,8.0,10.0,10.0,0.0,3.0,9.0,0.0,8.0,9.0,10.0,4.0,10.0,0.0,0.0,0.0,2.0,1.0,9.0,10.0,0.0,10.0,10.0,10.0,10.0,10.0,9.0,10.0,10.0,10.0,0.0,10.0,10.0,0.0,6.0,0.0,10.0,10.0,10.0,10.0,10.0,3.0,7.0,10.0,10.0,10.0,9.0,10.0,,8.0,0.0,10.0,10.0,8.0,10.0,10.0,2.0,0.0,10.0,10.0,10.0,10.0,0.0,10.0,10.0,10.0,10.0,8.0,3.0,10.0,10.0,0.0,0.0,1.0,4.0,10.0,10.0,10.0,5.0,0.0,10.0,4.0,0.0,7.0
