Station,Aadorf / Tänikon,Acquarossa / Comprovasco,Adelboden,Aigle,Altdorf,Altenrhein,Andeer,Andermatt,Arosa,Bad Ragaz,Bantiger,Basel / Binningen,Bergün / Latsch,Bern / Zollikofen,Beznau,Biasca,Binn,Bischofszell / Sitterdorf,Bivio,Bière,"Blatten, Lötschental",Boltigen,Bouveret,Brienz,Buchs / Aarau,Buffalora,Bullet / La Frétaz,Cevio,Cham,Chasseral,Chaumont,Chur,Château-d'Oex,Cimetta,Col des Mosses,Col du Grand St-Bernard,Courtelary,Crap Masegn,Cressier,Davos,Delémont,Disentis,Ebnat-Kappel,Eggishorn,Egolzwil,Einsiedeln,Elm,Engelberg,Evionnaz,Evolène / Villa,Fahy,"Flühli, LU",Fribourg / Grangeneuve,Frutigen,Genève / Cointrin,Gersau,Giswil,Glarus,Gornergrat,Grenchen,Grimsel Hospiz,Grono,Göschenen,Gösgen,"Gütsch, Andermatt",Güttingen,Hallau,Hörnli,Interlaken,Jungfraujoch,Koppigen,La Brévine,La Chaux-de-Fonds,La Dôle,Langnau i.E.,Le Moléson,Leibstadt,Les Attelas,Les Charbonnières,Les Diablerets,Les Marécottes,Locarno / Monti,Lugano,Luzern,Lägern,Magadino / Cadenazzo,Marsens,Mathod,Matro,Meiringen,"Montagnier, Bagnes",Montana,Monte Generoso,Mosen,Mottec,Möhlin,Mühleberg,Naluns / Schlivera,Napf,Neuchâtel,Nyon / Changins,Oberriet / Kriessern,Oberägeri,Oron,Passo del Bernina,Payerne,"Pfäffikon, ZH",Pilatus,Piotta,Piz Corvatsch,Piz Martegnas,Plaffeien,Poschiavo / Robbia,Pully,Quinten,Robièi,Rünenberg,S. Bernardino,Salen-Reutenen,Samedan,"Sattel, SZ",Schaffhausen,Schiers,Schmerikon,Schüpfheim,Scuol,Segl-Maria,Simplon-Dorf,Sion,St-Prex,St. Chrischona,St. Gallen,"Sta. Maria, Val Müstair",Stabio,Steckborn,Säntis,Thun,Titlis,Uetliberg,Ulrichen,Vaduz,Valbella,Vals,Vevey / Corseaux,Vicosoprano,Villars-Tiercelin,Visp,Weissfluhjoch,Wynau,Wädenswil,Würenlingen / PSI,Zermatt,Zürich / Affoltern
2024-06-29 08:20,38.0,304.0,246.0,79.0,326.0,26.0,218.0,253.0,97.0,115.0,122.0,71.0,133.0,16.0,37.0,187.0,63.0,248.0,268.0,45.0,128.0,214.0,290.0,50.0,0.0,129.0,47.0,14.0,63.0,130.0,103.0,194.0,58.0,161.0,89.0,293.0,330.0,229.0,62.0,211.0,202.0,243.0,184.0,107.0,263.0,75.0,151.0,61.0,137.0,359.0,79.0,70.0,35.0,181.0,12.0,57.0,44.0,124.0,162.0,69.0,164.0,60.0,200.0,195.0,187.0,98.0,59.0,102.0,53.0,132.0,21.0,286.0,68.0,120.0,131.0,74.0,71.0,194.0,62.0,185.0,329.0,145.0,75.0,154.0,125.0,109.0,144.0,51.0,151.0,320.0,180.0,60.0,142.0,34.0,164.0,116.0,30.0,231.0,88.0,100.0,195.0,214.0,0.0,73.0,129.0,13.0,333.0,94.0,0.0,150.0,194.0,94.0,349.0,178.0,41.0,143.0,69.0,134.0,81.0,116.0,48.0,57.0,94.0,278.0,244.0,220.0,78.0,141.0,68.0,39.0,100.0,352.0,170.0,40.0,245.0,190.0,159.0,152.0,98.0,116.0,134.0,194.0,341.0,186.0,193.0,75.0,116.0,165.0,360.0,40.0,359.0,33.0,58.0
2024-06-29 09:10,,,,337.0,,,105.0,244.0,,117.0,90.0,331.0,126.0,,,,,82.0,,43.0,187.0,165.0,,258.0,14.0,312.0,85.0,330.0,305.0,136.0,98.0,182.0,,216.0,190.0,292.0,8.0,238.0,57.0,78.0,,,17.0,114.0,96.0,215.0,,136.0,139.0,54.0,,35.0,,186.0,30.0,164.0,,213.0,78.0,79.0,155.0,349.0,,107.0,158.0,45.0,80.0,88.0,60.0,115.0,10.0,,72.0,107.0,242.0,142.0,101.0,,,,326.0,174.0,0.0,,63.0,69.0,120.0,32.0,144.0,310.0,,57.0,155.0,184.0,164.0,122.0,51.0,233.0,84.0,112.0,129.0,231.0,142.0,337.0,,356.0,310.0,140.0,,149.0,195.0,19.0,47.0,230.0,254.0,185.0,71.0,129.0,75.0,251.0,51.0,44.0,186.0,270.0,,24.0,246.0,144.0,122.0,45.0,103.0,336.0,44.0,,55.0,198.0,149.0,,98.0,172.0,,,10.0,244.0,,64.0,118.0,,5.0,,3.0,,75.0
2024-06-29 10:20,23.0,134.0,69.0,,,289.0,192.0,250.0,111.0,,70.0,31.0,,30.0,,,54.0,67.0,277.0,,227.0,,323.0,261.0,,112.0,138.0,220.0,,127.0,119.0,188.0,,197.0,,286.0,84.0,220.0,67.0,217.0,231.0,188.0,319.0,116.0,114.0,164.0,118.0,244.0,158.0,163.0,86.0,344.0,16.0,188.0,43.0,177.0,99.0,98.0,157.0,62.0,154.0,184.0,201.0,36.0,,,102.0,,62.0,,32.0,76.0,58.0,84.0,264.0,169.0,81.0,172.0,,175.0,322.0,169.0,133.0,150.0,131.0,238.0,42.0,34.0,151.0,322.0,40.0,64.0,145.0,323.0,,,,217.0,,189.0,183.0,334.0,89.0,31.0,130.0,,312.0,,123.0,162.0,190.0,223.0,217.0,221.0,227.0,177.0,61.0,119.0,51.0,205.0,,68.0,82.0,246.0,24.0,76.0,237.0,135.0,308.0,25.0,97.0,335.0,43.0,,37.0,204.0,49.0,153.0,,99.0,117.0,173.0,159.0,250.0,235.0,61.0,,153.0,48.0,67.0,14.0,217.0,
2024-06-29 11:00,45.0,,332.0,350.0,145.0,276.0,194.0,246.0,214.0,119.0,,93.0,,2.0,55.0,204.0,56.0,6.0,282.0,33.0,61.0,124.0,301.0,257.0,14.0,113.0,,132.0,348.0,134.0,,211.0,112.0,99.0,176.0,,325.0,223.0,73.0,186.0,,,,,112.0,69.0,98.0,,,134.0,,,,,,,43.0,,,,165.0,185.0,197.0,,,122.0,,,,,,70.0,74.0,,,143.0,74.0,203.0,41.0,189.0,,171.0,,73.0,,288.0,,23.0,149.0,104.0,240.0,51.0,,292.0,356.0,125.0,359.0,228.0,66.0,179.0,150.0,50.0,92.0,301.0,134.0,5.0,,173.0,75.0,157.0,196.0,52.0,223.0,116.0,96.0,221.0,72.0,128.0,74.0,210.0,235.0,76.0,146.0,258.0,46.0,74.0,240.0,136.0,259.0,20.0,,25.0,49.0,96.0,52.0,203.0,66.0,146.0,,104.0,24.0,188.0,165.0,270.0,243.0,52.0,104.0,142.0,49.0,58.0,,212.0,77.0
2024-06-29 12:20,,51.0,91.0,355.0,147.0,294.0,186.0,248.0,,,73.0,51.0,152.0,36.0,67.0,132.0,55.0,66.0,270.0,54.0,,9.0,50.0,222.0,,183.0,,26.0,,128.0,,,,222.0,,284.0,42.0,235.0,65.0,209.0,,211.0,,,,26.0,115.0,85.0,163.0,161.0,46.0,211.0,,41.0,60.0,,,,141.0,65.0,160.0,,197.0,83.0,150.0,1.0,99.0,91.0,87.0,,13.0,74.0,42.0,141.0,,192.0,,,,167.0,248.0,233.0,,101.0,37.0,261.0,,349.0,156.0,,319.0,72.0,161.0,317.0,22.0,131.0,196.0,219.0,31.0,,,41.0,117.0,55.0,125.0,35.0,,174.0,109.0,178.0,196.0,121.0,230.0,96.0,98.0,186.0,,122.0,65.0,224.0,224.0,75.0,251.0,,55.0,131.0,,128.0,,265.0,,356.0,55.0,,27.0,,357.0,151.0,94.0,93.0,153.0,183.0,172.0,250.0,243.0,73.0,97.0,149.0,,110.0,16.0,220.0,59.0
2024-06-29 13:00,46.0,152.0,230.0,331.0,146.0,317.0,179.0,236.0,154.0,129.0,157.0,42.0,196.0,46.0,51.0,184.0,56.0,34.0,261.0,43.0,92.0,161.0,126.0,226.0,25.0,189.0,89.0,27.0,,135.0,,202.0,10.0,192.0,132.0,283.0,59.0,232.0,,215.0,,222.0,323.0,,,30.0,118.0,94.0,159.0,149.0,62.0,299.0,148.0,118.0,15.0,172.0,53.0,120.0,151.0,80.0,164.0,183.0,198.0,52.0,151.0,13.0,121.0,96.0,278.0,137.0,32.0,104.0,,122.0,261.0,164.0,107.0,177.0,56.0,165.0,267.0,238.0,110.0,353.0,,276.0,100.0,37.0,156.0,102.0,166.0,57.0,126.0,,34.0,138.0,222.0,215.0,76.0,229.0,87.0,13.0,143.0,76.0,141.0,346.0,36.0,201.0,75.0,,200.0,283.0,234.0,136.0,92.0,154.0,51.0,125.0,82.0,228.0,217.0,65.0,281.0,253.0,49.0,249.0,241.0,135.0,68.0,43.0,107.0,3.0,33.0,101.0,40.0,196.0,27.0,151.0,,114.0,159.0,194.0,176.0,159.0,217.0,,117.0,161.0,53.0,122.0,,341.0,47.0
2024-06-29 14:30,61.0,69.0,175.0,156.0,144.0,283.0,198.0,232.0,,135.0,94.0,325.0,,19.0,103.0,175.0,64.0,284.0,,41.0,,185.0,283.0,292.0,30.0,110.0,158.0,21.0,,121.0,113.0,193.0,25.0,,232.0,303.0,60.0,,197.0,201.0,37.0,,320.0,154.0,152.0,124.0,160.0,76.0,165.0,120.0,57.0,157.0,29.0,,19.0,,59.0,,148.0,89.0,190.0,,209.0,52.0,148.0,,106.0,116.0,335.0,126.0,,112.0,137.0,,,188.0,99.0,194.0,38.0,148.0,,180.0,134.0,187.0,35.0,262.0,113.0,11.0,160.0,113.0,179.0,70.0,115.0,315.0,143.0,131.0,,,167.0,,134.0,,163.0,,140.0,77.0,28.0,221.0,92.0,181.0,198.0,,214.0,65.0,,250.0,60.0,103.0,,224.0,201.0,68.0,309.0,286.0,25.0,,251.0,,,,116.0,161.0,,,,195.0,0.0,171.0,113.0,144.0,155.0,170.0,176.0,,,115.0,,,34.0,125.0,76.0,211.0,49.0
2024-06-29 15:10,112.0,,,,141.0,294.0,,,,122.0,164.0,299.0,,,91.0,,26.0,,249.0,57.0,55.0,,156.0,268.0,,,135.0,1.0,20.0,,101.0,200.0,,47.0,,300.0,106.0,,209.0,205.0,,,336.0,265.0,122.0,172.0,,,185.0,,57.0,,48.0,210.0,213.0,99.0,249.0,,158.0,,151.0,,,83.0,167.0,213.0,117.0,180.0,177.0,161.0,305.0,,132.0,144.0,290.0,,86.0,,,,,,,138.0,44.0,142.0,,6.0,,119.0,,,109.0,312.0,191.0,122.0,,,160.0,143.0,,201.0,,102.0,136.0,33.0,,219.0,37.0,170.0,193.0,160.0,,339.0,77.0,,,,98.0,,,96.0,,284.0,72.0,,236.0,,,139.0,117.0,145.0,,,41.0,,,,168.0,57.0,161.0,170.0,,57.0,,93.0,,,,201.0,60.0,,81.0
2024-06-29 16:20,209.0,113.0,230.0,150.0,148.0,3.0,33.0,112.0,179.0,124.0,121.0,340.0,312.0,61.0,295.0,168.0,58.0,188.0,149.0,51.0,61.0,99.0,199.0,110.0,40.0,265.0,226.0,188.0,240.0,133.0,94.0,204.0,27.0,147.0,179.0,278.0,69.0,251.0,60.0,223.0,96.0,222.0,111.0,84.0,70.0,204.0,144.0,68.0,164.0,112.0,62.0,126.0,343.0,280.0,246.0,29.0,229.0,160.0,276.0,62.0,149.0,191.0,189.0,47.0,146.0,112.0,85.0,194.0,103.0,142.0,46.0,13.0,78.0,261.0,334.0,132.0,95.0,160.0,228.0,146.0,352.0,173.0,188.0,122.0,132.0,253.0,210.0,13.0,161.0,95.0,193.0,55.0,140.0,145.0,170.0,88.0,197.0,235.0,169.0,56.0,204.0,189.0,170.0,211.0,145.0,328.0,147.0,165.0,279.0,156.0,192.0,111.0,226.0,266.0,80.0,243.0,47.0,114.0,110.0,158.0,176.0,116.0,122.0,53.0,312.0,243.0,293.0,199.0,78.0,231.0,108.0,143.0,38.0,89.0,256.0,215.0,66.0,167.0,178.0,165.0,168.0,174.0,192.0,277.0,251.0,53.0,98.0,164.0,49.0,242.0,41.0,236.0,50.0
2024-06-29 17:10,,,,131.0,,180.0,202.0,14.0,161.0,121.0,145.0,61.0,282.0,,,160.0,237.0,,199.0,58.0,48.0,197.0,,216.0,45.0,,,205.0,,125.0,,190.0,351.0,140.0,320.0,291.0,60.0,,65.0,193.0,,,205.0,,,,,75.0,182.0,,72.0,153.0,242.0,,21.0,,,185.0,160.0,,179.0,75.0,,73.0,146.0,159.0,110.0,198.0,95.0,,,226.0,129.0,,111.0,174.0,106.0,,11.0,126.0,330.0,333.0,119.0,128.0,73.0,233.0,120.0,252.0,144.0,125.0,333.0,,,309.0,118.0,115.0,,189.0,,93.0,140.0,,,242.0,134.0,,111.0,,17.0,89.0,,,,304.0,,159.0,81.0,124.0,,,221.0,,16.0,110.0,,276.0,239.0,,,,,,56.0,28.0,205.0,,,156.0,118.0,,162.0,,167.0,299.0,,213.0,105.0,143.0,,116.0,13.0,223.0,
2024-06-29 18:20,236.0,196.0,236.0,165.0,161.0,183.0,163.0,195.0,195.0,101.0,199.0,199.0,105.0,225.0,67.0,163.0,61.0,15.0,98.0,71.0,47.0,219.0,165.0,79.0,31.0,120.0,146.0,8.0,196.0,175.0,295.0,215.0,30.0,85.0,360.0,322.0,161.0,179.0,317.0,195.0,216.0,329.0,64.0,230.0,90.0,195.0,120.0,39.0,185.0,53.0,184.0,205.0,60.0,331.0,335.0,180.0,327.0,163.0,150.0,269.0,223.0,329.0,193.0,128.0,191.0,133.0,226.0,199.0,76.0,137.0,315.0,121.0,108.0,86.0,144.0,89.0,83.0,173.0,75.0,128.0,88.0,236.0,347.0,184.0,171.0,157.0,46.0,340.0,137.0,109.0,99.0,61.0,110.0,170.0,181.0,118.0,277.0,207.0,133.0,313.0,63.0,176.0,158.0,80.0,132.0,61.0,162.0,210.0,281.0,147.0,177.0,286.0,240.0,74.0,34.0,166.0,161.0,138.0,134.0,147.0,141.0,156.0,106.0,132.0,157.0,284.0,339.0,108.0,83.0,23.0,135.0,146.0,64.0,98.0,331.0,219.0,159.0,165.0,197.0,76.0,159.0,166.0,139.0,31.0,300.0,104.0,110.0,166.0,80.0,192.0,188.0,32.0,207.0
2024-06-29 19:10,206.0,340.0,302.0,168.0,218.0,187.0,116.0,297.0,204.0,146.0,149.0,263.0,118.0,110.0,56.0,160.0,116.0,188.0,97.0,23.0,93.0,249.0,116.0,100.0,206.0,55.0,106.0,19.0,98.0,110.0,94.0,196.0,44.0,109.0,255.0,314.0,92.0,150.0,64.0,6.0,207.0,353.0,313.0,130.0,131.0,217.0,145.0,64.0,172.0,122.0,96.0,192.0,73.0,59.0,25.0,360.0,181.0,265.0,122.0,88.0,144.0,156.0,194.0,243.0,160.0,202.0,301.0,232.0,48.0,150.0,113.0,127.0,35.0,108.0,147.0,105.0,17.0,168.0,121.0,118.0,213.0,231.0,154.0,145.0,172.0,257.0,357.0,59.0,159.0,101.0,136.0,53.0,134.0,152.0,177.0,171.0,78.0,260.0,133.0,257.0,9.0,210.0,92.0,77.0,137.0,94.0,198.0,163.0,52.0,141.0,181.0,98.0,11.0,56.0,46.0,194.0,160.0,264.0,204.0,188.0,105.0,189.0,95.0,263.0,118.0,271.0,67.0,301.0,82.0,80.0,150.0,230.0,221.0,206.0,266.0,205.0,128.0,185.0,175.0,54.0,174.0,175.0,147.0,77.0,95.0,80.0,107.0,137.0,142.0,207.0,165.0,236.0,163.0
2024-06-29 20:20,209.0,219.0,199.0,154.0,159.0,34.0,156.0,218.0,149.0,122.0,118.0,112.0,109.0,161.0,145.0,26.0,23.0,207.0,90.0,28.0,53.0,69.0,163.0,92.0,190.0,127.0,35.0,360.0,65.0,127.0,96.0,10.0,40.0,63.0,224.0,309.0,39.0,161.0,63.0,180.0,43.0,253.0,16.0,126.0,111.0,223.0,189.0,80.0,156.0,70.0,79.0,177.0,64.0,260.0,220.0,57.0,190.0,245.0,135.0,69.0,197.0,356.0,193.0,43.0,155.0,230.0,71.0,258.0,292.0,148.0,96.0,91.0,104.0,80.0,51.0,166.0,67.0,164.0,74.0,121.0,240.0,304.0,137.0,146.0,145.0,106.0,186.0,306.0,153.0,126.0,116.0,60.0,124.0,176.0,152.0,103.0,74.0,97.0,123.0,58.0,326.0,202.0,97.0,90.0,123.0,38.0,81.0,184.0,348.0,127.0,182.0,138.0,17.0,113.0,312.0,249.0,144.0,251.0,218.0,120.0,350.0,171.0,90.0,12.0,155.0,242.0,91.0,351.0,72.0,335.0,104.0,203.0,203.0,35.0,231.0,203.0,135.0,168.0,152.0,247.0,146.0,132.0,155.0,104.0,60.0,89.0,89.0,151.0,86.0,142.0,152.0,35.0,126.0
2024-06-30 08:20,221.0,179.0,66.0,294.0,0.0,119.0,111.0,229.0,173.0,307.0,240.0,104.0,113.0,222.0,161.0,299.0,61.0,249.0,290.0,200.0,38.0,211.0,157.0,249.0,215.0,302.0,218.0,,50.0,228.0,264.0,296.0,74.0,218.0,210.0,295.0,250.0,228.0,209.0,25.0,271.0,317.0,134.0,152.0,4.0,52.0,336.0,91.0,323.0,311.0,250.0,331.0,222.0,23.0,191.0,175.0,15.0,72.0,238.0,238.0,154.0,10.0,155.0,255.0,150.0,243.0,169.0,268.0,275.0,141.0,210.0,239.0,239.0,270.0,175.0,241.0,219.0,204.0,203.0,211.0,110.0,249.0,0.0,81.0,213.0,65.0,215.0,212.0,166.0,94.0,338.0,124.0,146.0,100.0,173.0,70.0,233.0,231.0,232.0,251.0,197.0,194.0,311.0,235.0,132.0,214.0,216.0,231.0,255.0,150.0,183.0,242.0,0.0,262.0,257.0,,164.0,133.0,245.0,210.0,24.0,199.0,299.0,128.0,198.0,260.0,238.0,3.0,99.0,229.0,256.0,174.0,191.0,139.0,224.0,272.0,308.0,140.0,234.0,20.0,141.0,356.0,48.0,275.0,63.0,220.0,104.0,163.0,209.0,107.0,211.0,203.0,232.0
2024-06-30 09:10,239.0,,,,,100.0,37.0,,95.0,319.0,240.0,,,238.0,187.0,329.0,65.0,235.0,265.0,202.0,212.0,228.0,,,,14.0,224.0,,7.0,242.0,245.0,242.0,287.0,183.0,222.0,287.0,256.0,223.0,,,269.0,253.0,115.0,167.0,256.0,,344.0,237.0,331.0,266.0,247.0,326.0,223.0,334.0,201.0,,359.0,,,249.0,159.0,48.0,,250.0,,,194.0,276.0,,128.0,223.0,239.0,242.0,272.0,,246.0,234.0,206.0,220.0,,145.0,315.0,,150.0,213.0,86.0,227.0,194.0,162.0,309.0,,,163.0,116.0,202.0,331.0,264.0,,227.0,,200.0,215.0,,,139.0,210.0,,230.0,287.0,149.0,185.0,238.0,26.0,0.0,0.0,,323.0,142.0,,195.0,338.0,217.0,,112.0,225.0,270.0,,,211.0,,,223.0,26.0,,248.0,261.0,,,228.0,229.0,,,,283.0,,215.0,,165.0,,91.0,,,230.0
2024-06-30 10:20,231.0,8.0,66.0,310.0,340.0,85.0,350.0,184.0,74.0,345.0,245.0,255.0,352.0,229.0,234.0,354.0,31.0,232.0,289.0,207.0,34.0,250.0,113.0,247.0,229.0,102.0,193.0,,144.0,215.0,232.0,43.0,181.0,218.0,207.0,235.0,255.0,218.0,241.0,24.0,260.0,326.0,237.0,181.0,264.0,330.0,347.0,231.0,343.0,300.0,249.0,1.0,202.0,59.0,232.0,227.0,24.0,97.0,230.0,237.0,156.0,213.0,199.0,226.0,142.0,275.0,223.0,269.0,311.0,125.0,223.0,247.0,216.0,271.0,277.0,253.0,241.0,214.0,213.0,219.0,160.0,120.0,65.0,100.0,213.0,29.0,228.0,194.0,165.0,325.0,336.0,273.0,140.0,253.0,337.0,302.0,213.0,216.0,231.0,239.0,219.0,181.0,277.0,218.0,141.0,204.0,249.0,240.0,347.0,145.0,180.0,235.0,223.0,244.0,106.0,,264.0,127.0,233.0,213.0,46.0,244.0,289.0,147.0,202.0,209.0,237.0,64.0,245.0,214.0,268.0,232.0,39.0,345.0,246.0,241.0,49.0,189.0,240.0,100.0,194.0,337.0,70.0,299.0,251.0,221.0,282.0,194.0,245.0,270.0,204.0,72.0,251.0
2024-06-30 11:20,248.0,197.0,70.0,316.0,337.0,252.0,203.0,218.0,93.0,332.0,246.0,263.0,349.0,237.0,241.0,282.0,185.0,240.0,305.0,206.0,31.0,222.0,124.0,226.0,233.0,160.0,217.0,,256.0,206.0,219.0,14.0,189.0,187.0,209.0,325.0,235.0,259.0,222.0,20.0,275.0,1.0,278.0,207.0,252.0,277.0,315.0,242.0,349.0,288.0,250.0,131.0,217.0,46.0,238.0,189.0,0.0,300.0,216.0,233.0,252.0,170.0,354.0,215.0,151.0,262.0,207.0,279.0,203.0,131.0,228.0,240.0,251.0,266.0,281.0,242.0,233.0,260.0,231.0,217.0,126.0,102.0,90.0,163.0,214.0,82.0,218.0,209.0,156.0,328.0,321.0,230.0,147.0,191.0,326.0,301.0,214.0,176.0,231.0,233.0,225.0,40.0,267.0,216.0,143.0,210.0,243.0,233.0,272.0,159.0,202.0,229.0,253.0,225.0,102.0,,312.0,133.0,250.0,174.0,33.0,242.0,277.0,273.0,214.0,169.0,241.0,85.0,243.0,221.0,277.0,286.0,28.0,265.0,248.0,254.0,271.0,189.0,237.0,59.0,316.0,139.0,319.0,281.0,219.0,208.0,312.0,167.0,241.0,217.0,211.0,51.0,248.0
2024-06-30 12:20,204.0,147.0,70.0,330.0,295.0,272.0,150.0,220.0,191.0,304.0,245.0,274.0,26.0,225.0,275.0,294.0,218.0,218.0,263.0,237.0,215.0,214.0,65.0,47.0,221.0,101.0,230.0,,180.0,220.0,233.0,22.0,177.0,135.0,216.0,173.0,242.0,238.0,227.0,233.0,270.0,290.0,28.0,316.0,258.0,255.0,331.0,239.0,339.0,273.0,253.0,195.0,224.0,59.0,233.0,360.0,42.0,311.0,158.0,253.0,151.0,26.0,242.0,222.0,168.0,251.0,231.0,276.0,319.0,327.0,234.0,236.0,226.0,273.0,279.0,251.0,240.0,235.0,219.0,228.0,135.0,205.0,182.0,163.0,206.0,225.0,210.0,230.0,152.0,113.0,314.0,251.0,154.0,123.0,2.0,300.0,232.0,248.0,234.0,233.0,238.0,55.0,97.0,242.0,143.0,236.0,220.0,239.0,278.0,161.0,185.0,246.0,218.0,265.0,278.0,,272.0,47.0,249.0,210.0,79.0,221.0,288.0,252.0,196.0,230.0,241.0,112.0,268.0,226.0,280.0,273.0,24.0,338.0,238.0,245.0,27.0,232.0,240.0,53.0,298.0,358.0,182.0,283.0,263.0,223.0,297.0,175.0,247.0,265.0,197.0,49.0,233.0
2024-06-30 13:10,243.0,306.0,66.0,344.0,343.0,260.0,205.0,1.0,90.0,291.0,244.0,280.0,208.0,244.0,278.0,317.0,262.0,213.0,225.0,243.0,304.0,226.0,180.0,2.0,233.0,228.0,227.0,,167.0,248.0,244.0,22.0,220.0,199.0,232.0,185.0,254.0,230.0,222.0,209.0,276.0,337.0,88.0,233.0,260.0,203.0,328.0,231.0,339.0,249.0,243.0,236.0,219.0,65.0,228.0,150.0,83.0,295.0,151.0,242.0,143.0,18.0,5.0,238.0,150.0,239.0,233.0,270.0,42.0,296.0,242.0,249.0,250.0,279.0,270.0,237.0,259.0,231.0,202.0,228.0,185.0,248.0,174.0,183.0,197.0,267.0,220.0,244.0,147.0,157.0,343.0,219.0,153.0,231.0,333.0,294.0,233.0,225.0,241.0,236.0,240.0,53.0,115.0,239.0,157.0,229.0,247.0,222.0,258.0,204.0,209.0,239.0,252.0,273.0,294.0,,194.0,305.0,241.0,193.0,241.0,244.0,277.0,98.0,203.0,252.0,229.0,88.0,258.0,230.0,287.0,228.0,38.0,268.0,231.0,246.0,321.0,242.0,236.0,273.0,325.0,9.0,161.0,282.0,49.0,219.0,264.0,160.0,260.0,252.0,264.0,49.0,239.0
2024-06-30 14:30,252.0,326.0,29.0,353.0,163.0,237.0,161.0,42.0,81.0,298.0,251.0,284.0,189.0,238.0,263.0,316.0,238.0,227.0,174.0,246.0,212.0,224.0,160.0,263.0,295.0,200.0,260.0,,245.0,262.0,244.0,20.0,242.0,215.0,219.0,261.0,228.0,210.0,254.0,201.0,280.0,14.0,192.0,280.0,283.0,240.0,344.0,253.0,343.0,282.0,263.0,322.0,220.0,47.0,202.0,49.0,56.0,274.0,180.0,236.0,137.0,249.0,355.0,262.0,197.0,238.0,236.0,250.0,321.0,306.0,251.0,273.0,243.0,296.0,285.0,252.0,258.0,219.0,219.0,225.0,199.0,150.0,194.0,261.0,288.0,276.0,206.0,251.0,160.0,133.0,321.0,236.0,157.0,242.0,327.0,298.0,235.0,223.0,240.0,263.0,221.0,91.0,288.0,246.0,135.0,214.0,244.0,241.0,189.0,230.0,198.0,240.0,246.0,268.0,284.0,,314.0,121.0,253.0,217.0,194.0,239.0,316.0,85.0,235.0,29.0,238.0,130.0,254.0,236.0,275.0,227.0,40.0,227.0,247.0,250.0,316.0,229.0,256.0,67.0,352.0,7.0,192.0,284.0,262.0,221.0,243.0,177.0,260.0,253.0,265.0,46.0,294.0
2024-06-30 15:10,258.0,54.0,43.0,336.0,157.0,206.0,178.0,24.0,80.0,292.0,253.0,279.0,120.0,240.0,260.0,288.0,240.0,259.0,223.0,215.0,200.0,226.0,149.0,156.0,301.0,162.0,310.0,,265.0,273.0,252.0,35.0,197.0,138.0,219.0,280.0,259.0,235.0,273.0,23.0,279.0,264.0,149.0,272.0,268.0,277.0,344.0,269.0,337.0,264.0,259.0,191.0,224.0,58.0,236.0,274.0,1.0,297.0,167.0,257.0,84.0,229.0,346.0,300.0,213.0,280.0,243.0,275.0,312.0,303.0,244.0,244.0,246.0,291.0,273.0,264.0,259.0,236.0,225.0,242.0,205.0,194.0,215.0,256.0,290.0,252.0,215.0,258.0,171.0,65.0,319.0,240.0,148.0,266.0,315.0,300.0,239.0,245.0,258.0,281.0,191.0,123.0,279.0,247.0,147.0,225.0,278.0,227.0,255.0,211.0,193.0,224.0,8.0,256.0,297.0,,309.0,127.0,271.0,218.0,218.0,264.0,292.0,109.0,202.0,214.0,244.0,114.0,247.0,220.0,281.0,204.0,37.0,203.0,252.0,256.0,340.0,203.0,255.0,237.0,318.0,4.0,173.0,295.0,212.0,212.0,233.0,173.0,245.0,268.0,264.0,49.0,291.0
2024-06-30 16:10,309.0,172.0,54.0,347.0,180.0,285.0,207.0,19.0,348.0,311.0,251.0,278.0,321.0,257.0,265.0,271.0,223.0,262.0,223.0,225.0,103.0,212.0,9.0,218.0,292.0,309.0,236.0,,281.0,284.0,254.0,23.0,190.0,229.0,98.0,195.0,250.0,273.0,247.0,16.0,271.0,49.0,334.0,293.0,281.0,258.0,6.0,255.0,337.0,238.0,253.0,219.0,222.0,42.0,217.0,319.0,71.0,313.0,157.0,279.0,342.0,156.0,345.0,304.0,189.0,270.0,256.0,297.0,296.0,324.0,249.0,254.0,247.0,291.0,274.0,253.0,258.0,238.0,227.0,224.0,177.0,215.0,217.0,272.0,304.0,242.0,201.0,233.0,167.0,126.0,334.0,247.0,150.0,280.0,358.0,320.0,233.0,246.0,247.0,261.0,200.0,227.0,297.0,211.0,149.0,240.0,298.0,226.0,12.0,265.0,196.0,234.0,200.0,309.0,81.0,,323.0,260.0,264.0,224.0,212.0,263.0,308.0,265.0,191.0,256.0,244.0,87.0,242.0,200.0,281.0,284.0,256.0,250.0,241.0,245.0,305.0,268.0,277.0,256.0,170.0,351.0,351.0,305.0,201.0,199.0,274.0,244.0,251.0,269.0,266.0,46.0,282.0
2024-06-30 17:10,,217.0,,289.0,,,,55.0,,282.0,248.0,280.0,,,264.0,,248.0,,,267.0,186.0,224.0,189.0,255.0,289.0,,204.0,,259.0,284.0,258.0,17.0,82.0,120.0,,92.0,252.0,269.0,238.0,18.0,283.0,88.0,,292.0,268.0,256.0,293.0,,334.0,242.0,,147.0,169.0,,208.0,72.0,261.0,304.0,178.0,274.0,,,,,232.0,275.0,264.0,292.0,290.0,312.0,242.0,,245.0,288.0,277.0,,261.0,228.0,231.0,,111.0,,164.0,,295.0,276.0,206.0,200.0,194.0,155.0,339.0,258.0,265.0,306.0,,,226.0,245.0,238.0,273.0,206.0,,,192.0,134.0,,300.0,227.0,194.0,242.0,,,,256.0,,,323.0,306.0,,213.0,,,302.0,,,,,351.0,,,283.0,,,,,251.0,,236.0,269.0,,,,,,,217.0,,,,,261.0,,
2024-06-30 18:20,269.0,77.0,70.0,297.0,244.0,287.0,351.0,30.0,34.0,303.0,253.0,287.0,320.0,251.0,247.0,264.0,187.0,272.0,230.0,253.0,323.0,207.0,178.0,269.0,275.0,237.0,235.0,,325.0,278.0,226.0,15.0,136.0,236.0,235.0,89.0,235.0,244.0,262.0,23.0,277.0,73.0,288.0,263.0,271.0,223.0,346.0,240.0,334.0,305.0,263.0,143.0,191.0,40.0,205.0,80.0,247.0,274.0,217.0,272.0,352.0,5.0,140.0,280.0,347.0,257.0,252.0,296.0,281.0,327.0,248.0,249.0,249.0,283.0,273.0,237.0,261.0,272.0,228.0,239.0,148.0,235.0,187.0,269.0,309.0,264.0,181.0,227.0,170.0,118.0,344.0,275.0,224.0,324.0,344.0,283.0,241.0,244.0,251.0,263.0,273.0,239.0,262.0,192.0,121.0,239.0,303.0,263.0,64.0,252.0,190.0,228.0,220.0,253.0,330.0,,300.0,152.0,262.0,217.0,194.0,263.0,328.0,290.0,202.0,274.0,239.0,113.0,250.0,234.0,298.0,277.0,150.0,228.0,255.0,260.0,299.0,255.0,281.0,,175.0,351.0,20.0,259.0,267.0,217.0,294.0,237.0,246.0,311.0,269.0,43.0,281.0
2024-06-30 19:10,266.0,337.0,48.0,296.0,278.0,265.0,286.0,19.0,335.0,317.0,259.0,282.0,305.0,272.0,234.0,278.0,236.0,266.0,219.0,286.0,270.0,203.0,188.0,231.0,284.0,300.0,229.0,,347.0,256.0,249.0,29.0,171.0,240.0,16.0,87.0,246.0,261.0,272.0,22.0,279.0,77.0,322.0,278.0,275.0,241.0,339.0,245.0,336.0,281.0,284.0,99.0,212.0,48.0,207.0,268.0,234.0,291.0,223.0,267.0,353.0,8.0,12.0,259.0,335.0,267.0,250.0,296.0,276.0,336.0,263.0,254.0,249.0,290.0,131.0,238.0,261.0,284.0,230.0,253.0,194.0,258.0,0.0,276.0,302.0,235.0,178.0,259.0,114.0,181.0,318.0,257.0,304.0,302.0,19.0,290.0,247.0,254.0,242.0,282.0,240.0,64.0,285.0,215.0,136.0,233.0,290.0,245.0,346.0,253.0,211.0,250.0,231.0,269.0,316.0,,313.0,261.0,266.0,224.0,280.0,264.0,357.0,270.0,232.0,242.0,229.0,115.0,249.0,229.0,288.0,282.0,197.0,209.0,254.0,256.0,203.0,255.0,280.0,,155.0,348.0,52.0,111.0,280.0,217.0,291.0,190.0,283.0,254.0,261.0,43.0,287.0
2024-06-30 20:20,309.0,0.0,55.0,31.0,84.0,257.0,335.0,48.0,39.0,300.0,264.0,256.0,290.0,260.0,283.0,326.0,250.0,257.0,280.0,287.0,121.0,222.0,276.0,55.0,316.0,313.0,272.0,,11.0,286.0,283.0,16.0,342.0,236.0,2.0,93.0,247.0,288.0,263.0,3.0,269.0,68.0,293.0,272.0,340.0,322.0,360.0,237.0,325.0,268.0,259.0,81.0,222.0,20.0,202.0,310.0,159.0,301.0,269.0,280.0,334.0,299.0,25.0,281.0,356.0,267.0,222.0,294.0,147.0,327.0,245.0,263.0,222.0,295.0,186.0,244.0,247.0,251.0,233.0,240.0,152.0,352.0,123.0,311.0,320.0,42.0,187.0,270.0,104.0,100.0,339.0,276.0,276.0,317.0,193.0,240.0,228.0,256.0,225.0,290.0,234.0,311.0,285.0,245.0,132.0,252.0,283.0,247.0,317.0,254.0,207.0,238.0,0.0,279.0,299.0,,318.0,274.0,270.0,192.0,6.0,244.0,341.0,261.0,200.0,64.0,256.0,310.0,261.0,223.0,286.0,262.0,24.0,190.0,246.0,254.0,3.0,288.0,283.0,,213.0,1.0,62.0,152.0,54.0,312.0,294.0,250.0,331.0,212.0,279.0,299.0,292.0
2024-07-01 08:20,251.0,351.0,41.0,280.0,357.0,193.0,347.0,359.0,69.0,292.0,267.0,200.0,260.0,148.0,261.0,178.0,,240.0,267.0,301.0,175.0,63.0,251.0,227.0,351.0,283.0,154.0,,306.0,305.0,338.0,35.0,163.0,252.0,48.0,99.0,247.0,292.0,294.0,7.0,137.0,82.0,105.0,290.0,122.0,346.0,119.0,267.0,307.0,120.0,235.0,5.0,176.0,343.0,142.0,76.0,334.0,317.0,290.0,233.0,167.0,17.0,309.0,276.0,338.0,223.0,209.0,287.0,221.0,307.0,217.0,303.0,253.0,294.0,289.0,264.0,247.0,214.0,244.0,222.0,201.0,243.0,48.0,330.0,305.0,292.0,248.0,112.0,323.0,341.0,284.0,276.0,324.0,177.0,198.0,328.0,353.0,192.0,255.0,242.0,114.0,272.0,262.0,112.0,317.0,200.0,226.0,238.0,279.0,237.0,345.0,129.0,67.0,117.0,312.0,,292.0,307.0,249.0,58.0,122.0,263.0,336.0,323.0,164.0,130.0,46.0,303.0,250.0,120.0,270.0,217.0,282.0,41.0,247.0,251.0,234.0,275.0,287.0,60.0,337.0,356.0,26.0,44.0,74.0,342.0,251.0,324.0,253.0,233.0,175.0,44.0,273.0
2024-07-01 09:10,257.0,3.0,51.0,98.0,278.0,279.0,357.0,19.0,99.0,286.0,245.0,200.0,316.0,196.0,238.0,190.0,,233.0,269.0,20.0,29.0,60.0,267.0,280.0,261.0,285.0,115.0,,149.0,289.0,288.0,37.0,348.0,289.0,14.0,107.0,225.0,272.0,303.0,50.0,79.0,21.0,344.0,275.0,123.0,347.0,321.0,269.0,357.0,49.0,249.0,138.0,335.0,44.0,107.0,97.0,48.0,31.0,142.0,226.0,5.0,122.0,342.0,272.0,349.0,248.0,220.0,286.0,308.0,310.0,239.0,268.0,232.0,293.0,307.0,261.0,231.0,278.0,230.0,316.0,190.0,176.0,105.0,8.0,286.0,64.0,244.0,103.0,329.0,325.0,217.0,243.0,313.0,170.0,143.0,1.0,216.0,95.0,264.0,257.0,91.0,217.0,276.0,320.0,335.0,67.0,283.0,251.0,282.0,258.0,311.0,300.0,153.0,75.0,324.0,,276.0,309.0,258.0,88.0,44.0,264.0,292.0,281.0,347.0,112.0,49.0,54.0,257.0,100.0,248.0,242.0,345.0,64.0,241.0,259.0,219.0,295.0,276.0,309.0,293.0,13.0,16.0,228.0,86.0,314.0,242.0,321.0,222.0,254.0,231.0,51.0,277.0
2024-07-01 10:20,226.0,138.0,109.0,327.0,322.0,264.0,339.0,25.0,51.0,303.0,263.0,224.0,301.0,187.0,253.0,175.0,,218.0,264.0,132.0,204.0,63.0,310.0,249.0,276.0,296.0,279.0,,127.0,267.0,264.0,41.0,81.0,342.0,212.0,99.0,245.0,303.0,192.0,41.0,286.0,88.0,116.0,308.0,164.0,350.0,325.0,235.0,315.0,276.0,256.0,347.0,350.0,247.0,122.0,59.0,57.0,294.0,239.0,203.0,1.0,184.0,356.0,212.0,351.0,283.0,211.0,258.0,74.0,337.0,218.0,261.0,243.0,315.0,290.0,272.0,236.0,229.0,227.0,248.0,91.0,125.0,166.0,124.0,231.0,278.0,70.0,96.0,269.0,307.0,116.0,266.0,317.0,160.0,355.0,111.0,224.0,324.0,254.0,219.0,86.0,64.0,276.0,341.0,328.0,219.0,144.0,218.0,285.0,257.0,97.0,261.0,68.0,190.0,281.0,,225.0,298.0,254.0,293.0,72.0,263.0,285.0,251.0,17.0,104.0,59.0,309.0,257.0,125.0,288.0,182.0,54.0,99.0,244.0,252.0,252.0,272.0,256.0,265.0,10.0,5.0,343.0,240.0,233.0,302.0,259.0,317.0,286.0,210.0,247.0,53.0,278.0
2024-07-01 11:20,210.0,169.0,74.0,337.0,304.0,241.0,320.0,29.0,133.0,302.0,230.0,259.0,233.0,261.0,247.0,47.0,,212.0,262.0,162.0,342.0,68.0,277.0,167.0,297.0,279.0,119.0,,180.0,283.0,357.0,26.0,163.0,245.0,214.0,94.0,235.0,286.0,190.0,31.0,291.0,78.0,29.0,310.0,,243.0,326.0,237.0,329.0,240.0,281.0,339.0,159.0,26.0,91.0,126.0,43.0,281.0,151.0,253.0,3.0,14.0,1.0,277.0,352.0,311.0,222.0,245.0,41.0,314.0,208.0,261.0,264.0,319.0,340.0,241.0,248.0,233.0,222.0,218.0,177.0,168.0,0.0,74.0,230.0,80.0,58.0,52.0,3.0,358.0,337.0,203.0,318.0,142.0,209.0,271.0,236.0,4.0,255.0,214.0,122.0,261.0,103.0,324.0,346.0,264.0,169.0,237.0,277.0,239.0,349.0,327.0,11.0,163.0,276.0,,306.0,279.0,262.0,43.0,353.0,269.0,285.0,73.0,79.0,82.0,56.0,317.0,203.0,139.0,244.0,221.0,40.0,196.0,227.0,254.0,271.0,240.0,236.0,51.0,316.0,13.0,307.0,246.0,243.0,309.0,278.0,301.0,234.0,209.0,248.0,50.0,275.0
2024-07-01 12:20,212.0,7.0,98.0,353.0,346.0,263.0,235.0,21.0,125.0,291.0,257.0,284.0,208.0,253.0,261.0,161.0,,205.0,256.0,351.0,40.0,54.0,276.0,298.0,293.0,295.0,52.0,,184.0,295.0,232.0,23.0,211.0,233.0,212.0,82.0,295.0,295.0,205.0,350.0,257.0,78.0,115.0,251.0,113.0,138.0,326.0,255.0,341.0,261.0,247.0,359.0,312.0,226.0,30.0,243.0,59.0,318.0,111.0,230.0,358.0,9.0,355.0,249.0,358.0,73.0,218.0,250.0,308.0,323.0,199.0,256.0,285.0,311.0,306.0,246.0,239.0,254.0,218.0,248.0,65.0,267.0,275.0,157.0,204.0,322.0,57.0,154.0,347.0,181.0,309.0,234.0,307.0,175.0,17.0,311.0,172.0,336.0,300.0,209.0,54.0,60.0,126.0,6.0,161.0,203.0,166.0,215.0,271.0,280.0,343.0,312.0,217.0,196.0,272.0,,294.0,161.0,282.0,351.0,344.0,259.0,289.0,116.0,177.0,85.0,262.0,317.0,251.0,155.0,270.0,224.0,53.0,243.0,238.0,263.0,3.0,304.0,256.0,224.0,283.0,8.0,30.0,233.0,67.0,307.0,262.0,324.0,254.0,101.0,242.0,49.0,287.0
2024-07-01 13:10,193.0,136.0,66.0,333.0,154.0,292.0,4.0,12.0,86.0,288.0,252.0,277.0,281.0,196.0,265.0,201.0,,189.0,256.0,131.0,210.0,60.0,288.0,236.0,328.0,308.0,221.0,,167.0,298.0,263.0,32.0,214.0,11.0,246.0,98.0,241.0,283.0,53.0,6.0,261.0,76.0,127.0,278.0,93.0,233.0,331.0,222.0,341.0,269.0,247.0,236.0,302.0,58.0,90.0,203.0,8.0,270.0,249.0,232.0,359.0,33.0,354.0,289.0,346.0,72.0,202.0,273.0,301.0,334.0,191.0,237.0,244.0,326.0,224.0,247.0,246.0,212.0,330.0,276.0,67.0,106.0,302.0,165.0,214.0,100.0,22.0,229.0,317.0,131.0,337.0,265.0,308.0,154.0,351.0,253.0,206.0,216.0,283.0,205.0,305.0,118.0,143.0,325.0,329.0,323.0,126.0,235.0,273.0,309.0,335.0,301.0,31.0,334.0,285.0,,286.0,288.0,292.0,170.0,228.0,252.0,295.0,91.0,187.0,116.0,302.0,311.0,252.0,104.0,267.0,211.0,326.0,230.0,256.0,257.0,264.0,296.0,223.0,51.0,320.0,356.0,39.0,248.0,82.0,287.0,296.0,343.0,,95.0,271.0,49.0,273.0
2024-07-01 14:40,233.0,7.0,39.0,319.0,191.0,86.0,354.0,4.0,78.0,293.0,268.0,231.0,278.0,298.0,232.0,167.0,,197.0,253.0,119.0,327.0,60.0,285.0,228.0,278.0,305.0,134.0,,142.0,264.0,261.0,27.0,179.0,43.0,58.0,93.0,243.0,329.0,205.0,8.0,284.0,79.0,0.0,263.0,200.0,246.0,16.0,114.0,332.0,308.0,275.0,187.0,22.0,348.0,75.0,204.0,17.0,140.0,287.0,199.0,331.0,39.0,9.0,209.0,353.0,267.0,209.0,256.0,285.0,321.0,235.0,280.0,238.0,324.0,281.0,251.0,243.0,213.0,226.0,246.0,207.0,115.0,209.0,158.0,237.0,89.0,106.0,10.0,280.0,134.0,343.0,241.0,310.0,220.0,25.0,297.0,236.0,296.0,243.0,202.0,91.0,143.0,141.0,310.0,323.0,226.0,175.0,236.0,274.0,253.0,331.0,232.0,232.0,197.0,265.0,,266.0,293.0,246.0,185.0,233.0,240.0,332.0,196.0,200.0,62.0,283.0,319.0,252.0,147.0,262.0,270.0,197.0,272.0,240.0,252.0,254.0,286.0,227.0,81.0,315.0,353.0,332.0,246.0,72.0,288.0,271.0,332.0,258.0,83.0,246.0,51.0,225.0
2024-07-01 15:20,204.0,291.0,63.0,333.0,173.0,140.0,344.0,9.0,47.0,275.0,255.0,276.0,224.0,231.0,252.0,24.0,,231.0,266.0,149.0,258.0,323.0,302.0,254.0,240.0,293.0,238.0,,148.0,282.0,45.0,23.0,219.0,349.0,200.0,100.0,227.0,323.0,213.0,47.0,297.0,76.0,308.0,313.0,262.0,257.0,5.0,202.0,322.0,266.0,267.0,200.0,237.0,284.0,92.0,193.0,50.0,134.0,309.0,224.0,352.0,212.0,314.0,238.0,351.0,315.0,212.0,249.0,282.0,310.0,239.0,254.0,314.0,324.0,300.0,265.0,250.0,227.0,222.0,243.0,122.0,166.0,220.0,119.0,223.0,331.0,132.0,250.0,328.0,150.0,196.0,221.0,183.0,144.0,8.0,276.0,251.0,328.0,277.0,209.0,85.0,160.0,118.0,306.0,317.0,230.0,187.0,221.0,269.0,301.0,336.0,261.0,241.0,197.0,133.0,,295.0,280.0,247.0,239.0,216.0,259.0,311.0,264.0,231.0,90.0,11.0,315.0,250.0,145.0,276.0,255.0,54.0,265.0,247.0,257.0,188.0,294.0,225.0,103.0,248.0,349.0,21.0,263.0,90.0,280.0,249.0,323.0,285.0,18.0,224.0,48.0,234.0
2024-07-01 16:20,238.0,346.0,55.0,328.0,165.0,316.0,328.0,18.0,72.0,318.0,260.0,285.0,272.0,259.0,261.0,3.0,,257.0,269.0,140.0,215.0,246.0,358.0,167.0,242.0,292.0,25.0,265.0,152.0,311.0,31.0,7.0,208.0,53.0,212.0,109.0,293.0,307.0,237.0,58.0,298.0,71.0,272.0,338.0,253.0,257.0,156.0,93.0,296.0,190.0,287.0,130.0,284.0,51.0,325.0,213.0,14.0,139.0,166.0,243.0,337.0,9.0,30.0,224.0,359.0,271.0,221.0,255.0,19.0,320.0,233.0,295.0,309.0,306.0,269.0,264.0,242.0,229.0,329.0,355.0,202.0,194.0,0.0,89.0,258.0,276.0,133.0,285.0,331.0,118.0,332.0,256.0,332.0,276.0,11.0,293.0,215.0,324.0,274.0,223.0,167.0,203.0,246.0,187.0,335.0,258.0,254.0,234.0,268.0,342.0,327.0,261.0,225.0,182.0,276.0,,282.0,297.0,245.0,43.0,52.0,253.0,168.0,219.0,238.0,127.0,75.0,317.0,251.0,165.0,278.0,261.0,335.0,154.0,242.0,259.0,224.0,295.0,250.0,114.0,256.0,2.0,358.0,244.0,79.0,226.0,281.0,326.0,273.0,320.0,250.0,38.0,271.0
2024-07-01 17:20,216.0,351.0,71.0,282.0,337.0,263.0,259.0,4.0,42.0,299.0,263.0,249.0,50.0,305.0,274.0,190.0,,235.0,248.0,271.0,61.0,233.0,315.0,220.0,295.0,318.0,21.0,330.0,149.0,311.0,267.0,1.0,200.0,321.0,320.0,95.0,241.0,289.0,286.0,14.0,251.0,73.0,256.0,315.0,293.0,248.0,114.0,251.0,343.0,196.0,239.0,13.0,307.0,157.0,355.0,25.0,49.0,201.0,267.0,285.0,322.0,43.0,5.0,301.0,23.0,221.0,322.0,271.0,221.0,311.0,305.0,287.0,304.0,316.0,239.0,263.0,280.0,223.0,339.0,349.0,226.0,196.0,193.0,150.0,246.0,245.0,323.0,34.0,332.0,262.0,314.0,231.0,301.0,285.0,32.0,311.0,257.0,316.0,270.0,331.0,323.0,213.0,274.0,333.0,335.0,335.0,263.0,232.0,256.0,331.0,324.0,269.0,233.0,359.0,276.0,,270.0,322.0,239.0,12.0,205.0,289.0,258.0,210.0,253.0,256.0,49.0,312.0,246.0,277.0,290.0,277.0,234.0,186.0,246.0,262.0,276.0,310.0,244.0,65.0,291.0,357.0,46.0,255.0,74.0,289.0,295.0,334.0,326.0,247.0,262.0,61.0,247.0
2024-07-01 18:20,326.0,328.0,96.0,328.0,145.0,274.0,281.0,13.0,49.0,300.0,323.0,249.0,226.0,18.0,255.0,25.0,,316.0,248.0,237.0,7.0,249.0,4.0,246.0,259.0,322.0,27.0,341.0,323.0,325.0,312.0,40.0,345.0,335.0,346.0,95.0,267.0,320.0,309.0,32.0,247.0,1.0,271.0,337.0,319.0,234.0,175.0,286.0,306.0,186.0,241.0,17.0,187.0,205.0,337.0,331.0,39.0,141.0,342.0,315.0,344.0,199.0,348.0,278.0,19.0,327.0,308.0,272.0,208.0,312.0,243.0,295.0,249.0,311.0,288.0,276.0,249.0,168.0,306.0,335.0,271.0,332.0,143.0,243.0,326.0,22.0,126.0,242.0,330.0,352.0,16.0,230.0,313.0,304.0,8.0,294.0,255.0,31.0,316.0,334.0,286.0,250.0,251.0,90.0,341.0,96.0,280.0,248.0,283.0,340.0,325.0,241.0,27.0,14.0,271.0,,279.0,309.0,359.0,43.0,239.0,297.0,289.0,247.0,284.0,229.0,29.0,316.0,251.0,55.0,278.0,282.0,220.0,182.0,3.0,263.0,336.0,309.0,294.0,62.0,155.0,341.0,52.0,19.0,83.0,270.0,274.0,323.0,244.0,271.0,269.0,194.0,291.0
2024-07-01 19:20,286.0,326.0,53.0,338.0,346.0,309.0,272.0,347.0,182.0,280.0,268.0,328.0,290.0,90.0,273.0,322.0,,318.0,254.0,40.0,227.0,112.0,283.0,243.0,274.0,333.0,196.0,352.0,328.0,327.0,282.0,29.0,141.0,343.0,39.0,96.0,249.0,295.0,247.0,33.0,246.0,42.0,354.0,349.0,280.0,280.0,114.0,281.0,337.0,208.0,253.0,203.0,186.0,40.0,294.0,314.0,298.0,234.0,132.0,204.0,340.0,342.0,71.0,183.0,25.0,345.0,324.0,312.0,241.0,319.0,209.0,304.0,336.0,309.0,163.0,276.0,263.0,296.0,311.0,325.0,236.0,168.0,116.0,321.0,321.0,348.0,233.0,326.0,314.0,293.0,9.0,266.0,299.0,154.0,212.0,297.0,207.0,56.0,307.0,302.0,339.0,350.0,297.0,33.0,336.0,134.0,300.0,235.0,282.0,21.0,321.0,165.0,11.0,348.0,267.0,,304.0,307.0,323.0,31.0,56.0,309.0,352.0,253.0,193.0,15.0,59.0,320.0,251.0,48.0,332.0,12.0,323.0,211.0,99.0,280.0,128.0,310.0,294.0,62.0,84.0,329.0,49.0,343.0,72.0,285.0,281.0,320.0,307.0,243.0,258.0,221.0,267.0
2024-07-01 20:20,259.0,346.0,67.0,329.0,350.0,263.0,202.0,24.0,261.0,297.0,227.0,315.0,138.0,206.0,256.0,334.0,,222.0,263.0,59.0,30.0,56.0,257.0,248.0,300.0,283.0,13.0,144.0,164.0,328.0,284.0,356.0,71.0,330.0,22.0,100.0,254.0,303.0,292.0,6.0,284.0,33.0,306.0,330.0,146.0,266.0,313.0,274.0,322.0,342.0,241.0,135.0,209.0,103.0,12.0,318.0,314.0,290.0,158.0,266.0,344.0,344.0,351.0,224.0,5.0,224.0,319.0,312.0,176.0,316.0,250.0,4.0,285.0,321.0,93.0,283.0,257.0,339.0,248.0,318.0,319.0,309.0,127.0,306.0,316.0,334.0,219.0,339.0,325.0,297.0,337.0,359.0,303.0,309.0,24.0,269.0,234.0,120.0,275.0,275.0,330.0,126.0,247.0,79.0,324.0,154.0,146.0,233.0,281.0,25.0,319.0,137.0,36.0,336.0,298.0,,320.0,282.0,249.0,40.0,46.0,275.0,291.0,97.0,181.0,272.0,58.0,313.0,259.0,30.0,304.0,253.0,196.0,238.0,174.0,309.0,168.0,312.0,310.0,67.0,9.0,356.0,16.0,171.0,73.0,337.0,297.0,322.0,197.0,214.0,290.0,262.0,307.0
2024-07-02 08:20,306.0,326.0,83.0,126.0,132.0,299.0,316.0,39.0,58.0,313.0,341.0,231.0,256.0,338.0,12.0,342.0,,268.0,262.0,126.0,140.0,47.0,315.0,62.0,294.0,299.0,84.0,346.0,6.0,305.0,344.0,35.0,49.0,12.0,26.0,93.0,334.0,305.0,4.0,359.0,261.0,55.0,182.0,115.0,312.0,294.0,344.0,43.0,320.0,46.0,263.0,343.0,316.0,113.0,26.0,80.0,280.0,61.0,161.0,250.0,331.0,8.0,347.0,8.0,359.0,312.0,134.0,319.0,236.0,312.0,35.0,260.0,296.0,328.0,193.0,213.0,250.0,189.0,340.0,340.0,167.0,72.0,43.0,243.0,252.0,79.0,27.0,154.0,330.0,311.0,290.0,234.0,320.0,300.0,207.0,230.0,80.0,352.0,253.0,133.0,346.0,50.0,300.0,326.0,345.0,148.0,2.0,189.0,298.0,25.0,329.0,138.0,46.0,5.0,18.0,346.0,307.0,294.0,273.0,0.0,40.0,281.0,335.0,120.0,22.0,92.0,79.0,321.0,249.0,276.0,280.0,232.0,227.0,60.0,220.0,293.0,139.0,284.0,294.0,208.0,44.0,353.0,11.0,162.0,82.0,199.0,242.0,318.0,40.0,280.0,75.0,158.0,271.0
2024-07-02 09:10,307.0,352.0,87.0,41.0,284.0,312.0,172.0,32.0,61.0,294.0,347.0,288.0,212.0,360.0,36.0,336.0,,266.0,266.0,139.0,167.0,62.0,308.0,140.0,265.0,313.0,180.0,353.0,323.0,298.0,343.0,24.0,170.0,56.0,55.0,92.0,285.0,308.0,103.0,6.0,250.0,56.0,175.0,76.0,300.0,273.0,355.0,57.0,338.0,280.0,273.0,338.0,309.0,357.0,290.0,65.0,75.0,346.0,50.0,214.0,334.0,248.0,3.0,81.0,5.0,321.0,213.0,292.0,47.0,303.0,90.0,353.0,12.0,317.0,275.0,278.0,276.0,198.0,324.0,355.0,169.0,79.0,18.0,287.0,245.0,90.0,51.0,294.0,331.0,130.0,119.0,266.0,297.0,297.0,358.0,128.0,315.0,305.0,321.0,19.0,286.0,13.0,265.0,323.0,346.0,350.0,321.0,249.0,276.0,73.0,342.0,285.0,44.0,333.0,256.0,34.0,294.0,303.0,273.0,59.0,59.0,274.0,303.0,242.0,43.0,112.0,74.0,322.0,249.0,225.0,301.0,310.0,245.0,20.0,254.0,304.0,291.0,277.0,278.0,244.0,9.0,348.0,20.0,147.0,49.0,316.0,227.0,315.0,310.0,243.0,281.0,53.0,286.0
2024-07-02 10:20,325.0,340.0,96.0,352.0,334.0,315.0,10.0,19.0,36.0,318.0,303.0,298.0,312.0,30.0,237.0,25.0,,,263.0,193.0,235.0,68.0,294.0,228.0,261.0,297.0,42.0,52.0,344.0,298.0,333.0,34.0,215.0,103.0,196.0,95.0,284.0,312.0,12.0,39.0,247.0,78.0,357.0,72.0,360.0,292.0,6.0,256.0,350.0,288.0,257.0,330.0,71.0,62.0,28.0,166.0,40.0,296.0,92.0,138.0,337.0,106.0,5.0,287.0,18.0,286.0,194.0,297.0,301.0,309.0,214.0,339.0,356.0,330.0,317.0,242.0,244.0,42.0,346.0,325.0,111.0,131.0,352.0,334.0,280.0,90.0,44.0,253.0,329.0,202.0,115.0,266.0,277.0,198.0,18.0,271.0,234.0,20.0,309.0,132.0,355.0,39.0,306.0,330.0,346.0,96.0,308.0,234.0,266.0,56.0,326.0,321.0,36.0,292.0,124.0,331.0,304.0,308.0,257.0,37.0,54.0,275.0,298.0,270.0,33.0,108.0,66.0,322.0,248.0,154.0,297.0,293.0,221.0,88.0,224.0,301.0,241.0,295.0,286.0,234.0,308.0,10.0,6.0,245.0,283.0,335.0,311.0,344.0,333.0,306.0,236.0,49.0,275.0
2024-07-02 11:10,259.0,347.0,79.0,351.0,332.0,320.0,16.0,31.0,48.0,314.0,266.0,300.0,332.0,305.0,259.0,25.0,,266.0,271.0,146.0,259.0,51.0,294.0,212.0,272.0,304.0,220.0,30.0,324.0,308.0,308.0,35.0,223.0,202.0,168.0,90.0,279.0,282.0,261.0,34.0,259.0,72.0,304.0,119.0,290.0,244.0,343.0,258.0,348.0,257.0,277.0,118.0,351.0,49.0,229.0,116.0,31.0,296.0,353.0,291.0,347.0,48.0,6.0,273.0,7.0,293.0,193.0,289.0,316.0,315.0,263.0,336.0,236.0,316.0,278.0,267.0,232.0,140.0,338.0,332.0,75.0,123.0,344.0,15.0,292.0,92.0,53.0,241.0,324.0,274.0,132.0,246.0,320.0,229.0,341.0,289.0,67.0,338.0,234.0,5.0,336.0,30.0,270.0,318.0,335.0,33.0,255.0,212.0,266.0,97.0,348.0,318.0,36.0,210.0,182.0,29.0,294.0,285.0,240.0,7.0,334.0,266.0,290.0,216.0,39.0,122.0,72.0,314.0,248.0,174.0,297.0,255.0,258.0,65.0,234.0,283.0,8.0,260.0,254.0,21.0,297.0,357.0,355.0,242.0,70.0,274.0,289.0,325.0,300.0,311.0,262.0,52.0,286.0
2024-07-02 12:20,272.0,350.0,57.0,349.0,327.0,38.0,13.0,15.0,45.0,278.0,283.0,289.0,249.0,245.0,271.0,25.0,,282.0,272.0,146.0,239.0,63.0,290.0,263.0,321.0,299.0,208.0,13.0,95.0,304.0,5.0,28.0,204.0,134.0,209.0,90.0,278.0,7.0,253.0,34.0,301.0,77.0,267.0,247.0,322.0,329.0,18.0,212.0,334.0,271.0,248.0,1.0,314.0,43.0,88.0,203.0,30.0,328.0,99.0,287.0,342.0,38.0,5.0,288.0,7.0,288.0,264.0,282.0,295.0,302.0,288.0,286.0,278.0,320.0,301.0,243.0,290.0,171.0,328.0,10.0,71.0,123.0,9.0,83.0,297.0,107.0,33.0,333.0,333.0,301.0,337.0,246.0,253.0,81.0,1.0,307.0,225.0,348.0,325.0,251.0,128.0,95.0,230.0,338.0,337.0,336.0,280.0,230.0,239.0,75.0,359.0,289.0,42.0,253.0,273.0,33.0,286.0,301.0,243.0,46.0,360.0,276.0,308.0,237.0,68.0,233.0,64.0,323.0,248.0,156.0,292.0,303.0,255.0,346.0,229.0,273.0,354.0,302.0,261.0,81.0,318.0,360.0,11.0,246.0,78.0,275.0,287.0,332.0,334.0,11.0,258.0,71.0,281.0
2024-07-02 13:10,283.0,354.0,47.0,351.0,327.0,68.0,28.0,8.0,58.0,292.0,307.0,288.0,342.0,336.0,273.0,28.0,,287.0,270.0,203.0,243.0,2.0,298.0,255.0,285.0,293.0,242.0,9.0,17.0,304.0,305.0,17.0,202.0,50.0,210.0,91.0,259.0,302.0,284.0,23.0,243.0,65.0,268.0,175.0,311.0,316.0,350.0,253.0,326.0,285.0,261.0,37.0,310.0,52.0,238.0,177.0,47.0,324.0,0.0,247.0,353.0,29.0,358.0,304.0,4.0,269.0,272.0,297.0,279.0,311.0,285.0,244.0,256.0,329.0,295.0,251.0,278.0,165.0,303.0,346.0,68.0,116.0,128.0,9.0,304.0,97.0,45.0,301.0,316.0,272.0,323.0,242.0,73.0,148.0,11.0,280.0,280.0,330.0,303.0,294.0,115.0,26.0,295.0,343.0,339.0,298.0,313.0,231.0,266.0,69.0,8.0,302.0,36.0,264.0,272.0,39.0,296.0,349.0,244.0,331.0,4.0,270.0,296.0,227.0,40.0,236.0,65.0,312.0,243.0,146.0,294.0,307.0,275.0,119.0,237.0,262.0,305.0,293.0,295.0,58.0,306.0,353.0,2.0,252.0,95.0,312.0,288.0,343.0,325.0,9.0,258.0,51.0,292.0
2024-07-02 14:30,303.0,353.0,37.0,5.0,334.0,105.0,19.0,15.0,39.0,315.0,257.0,283.0,294.0,244.0,273.0,8.0,,281.0,269.0,126.0,172.0,49.0,299.0,281.0,290.0,300.0,331.0,13.0,360.0,305.0,273.0,28.0,244.0,98.0,49.0,92.0,250.0,7.0,302.0,49.0,298.0,65.0,247.0,230.0,317.0,333.0,324.0,250.0,325.0,281.0,286.0,67.0,289.0,70.0,85.0,139.0,53.0,291.0,148.0,283.0,353.0,15.0,4.0,265.0,349.0,287.0,287.0,305.0,268.0,311.0,250.0,276.0,297.0,329.0,285.0,258.0,263.0,283.0,314.0,346.0,44.0,110.0,167.0,356.0,318.0,76.0,76.0,314.0,326.0,284.0,309.0,252.0,270.0,151.0,5.0,303.0,221.0,311.0,314.0,303.0,105.0,59.0,315.0,323.0,343.0,288.0,321.0,269.0,252.0,7.0,354.0,305.0,34.0,255.0,283.0,334.0,294.0,296.0,274.0,6.0,218.0,280.0,280.0,241.0,61.0,218.0,72.0,318.0,241.0,183.0,301.0,294.0,320.0,163.0,245.0,260.0,292.0,296.0,300.0,61.0,320.0,354.0,24.0,247.0,78.0,319.0,274.0,347.0,320.0,6.0,258.0,50.0,288.0
2024-07-02 15:10,255.0,2.0,37.0,334.0,326.0,53.0,12.0,20.0,9.0,309.0,261.0,274.0,311.0,266.0,295.0,26.0,,279.0,270.0,99.0,25.0,56.0,311.0,254.0,317.0,301.0,285.0,12.0,349.0,306.0,234.0,28.0,242.0,83.0,213.0,91.0,282.0,313.0,305.0,40.0,289.0,63.0,248.0,319.0,356.0,345.0,329.0,239.0,333.0,281.0,279.0,337.0,272.0,68.0,317.0,199.0,57.0,311.0,195.0,303.0,350.0,18.0,2.0,306.0,344.0,278.0,276.0,296.0,263.0,323.0,296.0,294.0,292.0,324.0,6.0,263.0,278.0,203.0,338.0,226.0,48.0,114.0,166.0,254.0,306.0,91.0,82.0,294.0,330.0,281.0,309.0,325.0,257.0,301.0,11.0,306.0,226.0,317.0,300.0,307.0,298.0,51.0,282.0,300.0,331.0,314.0,301.0,234.0,241.0,8.0,359.0,288.0,41.0,217.0,306.0,339.0,314.0,340.0,264.0,12.0,187.0,272.0,260.0,281.0,35.0,222.0,66.0,320.0,248.0,174.0,302.0,287.0,13.0,145.0,242.0,260.0,302.0,295.0,280.0,43.0,315.0,346.0,41.0,245.0,69.0,291.0,271.0,309.0,332.0,314.0,247.0,48.0,286.0
2024-07-02 16:10,281.0,356.0,90.0,337.0,327.0,63.0,29.0,9.0,347.0,295.0,274.0,293.0,321.0,296.0,262.0,25.0,,263.0,270.0,302.0,32.0,61.0,284.0,247.0,298.0,287.0,23.0,17.0,343.0,313.0,348.0,22.0,195.0,74.0,15.0,93.0,279.0,308.0,319.0,48.0,281.0,63.0,226.0,294.0,319.0,277.0,312.0,226.0,338.0,288.0,295.0,44.0,300.0,55.0,309.0,232.0,57.0,290.0,314.0,297.0,8.0,31.0,14.0,312.0,5.0,272.0,258.0,294.0,262.0,328.0,300.0,287.0,268.0,320.0,291.0,266.0,266.0,226.0,326.0,240.0,44.0,117.0,192.0,7.0,293.0,101.0,13.0,309.0,329.0,162.0,325.0,360.0,287.0,288.0,20.0,313.0,276.0,313.0,314.0,312.0,320.0,24.0,315.0,329.0,346.0,316.0,309.0,230.0,290.0,20.0,333.0,293.0,40.0,342.0,308.0,317.0,292.0,316.0,272.0,8.0,69.0,262.0,268.0,274.0,18.0,220.0,53.0,311.0,246.0,241.0,288.0,296.0,24.0,224.0,251.0,272.0,306.0,283.0,320.0,92.0,304.0,351.0,48.0,265.0,60.0,290.0,275.0,322.0,321.0,317.0,270.0,46.0,284.0
2024-07-02 17:10,306.0,357.0,84.0,338.0,341.0,255.0,19.0,22.0,356.0,291.0,324.0,278.0,295.0,311.0,272.0,27.0,,272.0,271.0,282.0,220.0,91.0,301.0,193.0,289.0,314.0,22.0,345.0,346.0,310.0,337.0,24.0,303.0,76.0,18.0,92.0,261.0,297.0,315.0,40.0,266.0,43.0,237.0,288.0,325.0,270.0,334.0,254.0,340.0,289.0,264.0,355.0,342.0,69.0,346.0,24.0,50.0,304.0,354.0,304.0,357.0,353.0,3.0,285.0,355.0,275.0,287.0,307.0,252.0,319.0,292.0,287.0,253.0,323.0,299.0,274.0,286.0,247.0,271.0,220.0,52.0,102.0,222.0,76.0,312.0,102.0,348.0,307.0,329.0,300.0,332.0,240.0,303.0,290.0,17.0,313.0,279.0,306.0,337.0,316.0,320.0,52.0,13.0,315.0,335.0,300.0,311.0,226.0,274.0,6.0,336.0,305.0,41.0,342.0,291.0,307.0,299.0,322.0,250.0,10.0,63.0,300.0,303.0,292.0,47.0,222.0,306.0,301.0,246.0,282.0,291.0,303.0,253.0,230.0,238.0,279.0,326.0,255.0,302.0,78.0,346.0,355.0,17.0,251.0,47.0,297.0,267.0,333.0,344.0,321.0,280.0,44.0,289.0
2024-07-02 18:20,300.0,353.0,39.0,336.0,158.0,272.0,323.0,29.0,17.0,304.0,317.0,261.0,297.0,345.0,285.0,32.0,233.0,256.0,275.0,298.0,214.0,82.0,341.0,40.0,297.0,302.0,23.0,358.0,24.0,305.0,338.0,32.0,193.0,141.0,43.0,98.0,235.0,317.0,314.0,25.0,257.0,74.0,171.0,262.0,326.0,323.0,348.0,234.0,338.0,291.0,262.0,341.0,360.0,70.0,328.0,31.0,46.0,301.0,280.0,294.0,346.0,359.0,359.0,284.0,346.0,264.0,303.0,302.0,235.0,260.0,269.0,293.0,281.0,309.0,298.0,290.0,251.0,235.0,299.0,201.0,196.0,94.0,337.0,354.0,316.0,111.0,57.0,300.0,333.0,138.0,339.0,254.0,315.0,313.0,26.0,307.0,294.0,312.0,320.0,313.0,323.0,266.0,340.0,321.0,334.0,308.0,314.0,270.0,281.0,32.0,31.0,290.0,42.0,356.0,287.0,337.0,310.0,311.0,272.0,349.0,58.0,277.0,328.0,220.0,46.0,219.0,40.0,305.0,252.0,69.0,286.0,300.0,253.0,197.0,279.0,288.0,329.0,265.0,301.0,106.0,334.0,350.0,347.0,339.0,16.0,299.0,265.0,327.0,324.0,306.0,282.0,43.0,287.0
